wind spd [m/s],Surface T[K],TOA T[K],transmittance,jakobian,TCWV [cm]
0,271.46,270.534,0.9607,0.9641,0.974987737912539
0,271.46,270.435,0.8536,0.8566,0.4888042297828513
0,271.46,270.213,0.9326,0.9388,0.9887230093864877
0,271.46,270.246,0.8949,0.9004,0.42550213375617574
0,271.46,270.494,0.9566,0.9601,1.0206470099371345
0,271.46,270.465,0.8397,0.8427,0.5045894367597497
0,271.46,270.206,0.9299,0.9362,0.9926705347901679
0,271.46,270.306,0.8866,0.8913,0.4577959853772695
0,271.46,270.396,0.9455,0.9498,1.0560731748354435
0,271.46,270.487,0.8286,0.8315,0.5073487888320681
0,271.46,270.301,0.9375,0.9428,0.9701258329806816
0,271.46,270.339,0.8778,0.882,0.37937154889794167
0,271.46,270.223,0.9184,0.9244,1.0776834596931675
0,271.46,270.508,0.8242,0.8271,0.5097731641284231
0,271.46,270.268,0.9317,0.9373,0.9582257447752293
0,271.46,270.414,0.8784,0.8818,0.264598257304992
0,271.46,270.188,0.9055,0.9117,1.079266671085437
0,271.46,270.535,0.8241,0.827,0.5077337317024673
0,271.46,270.268,0.9284,0.934,0.9546044775738913
0,271.46,270.551,0.895,0.8982,0.30555194689317966
0,271.46,270.226,0.9023,0.9081,1.0784000142760268
0,271.46,270.561,0.8221,0.825,0.5047166463573187
0,271.46,270.28,0.9269,0.9323,0.9519914547781353
0,271.46,270.601,0.9065,0.9091,0.3359501970601582
0,271.46,270.287,0.8914,0.8963,1.0819741196025148
0,271.46,270.59,0.8216,0.8245,0.5059454043939572
0,271.46,270.301,0.9265,0.9317,0.9538113932892476
0,271.46,270.599,0.9091,0.9118,0.3491338530486965
0,271.46,270.415,0.8766,0.8801,1.0831540332325515
0,271.46,270.627,0.8224,0.8249,0.5151700121856088
0,271.46,270.326,0.9257,0.9307,0.957496341768086
0,271.46,270.612,0.9107,0.9133,0.34852559232765523
0,271.46,270.468,0.8709,0.8741,1.0832024697526679
0,271.46,270.665,0.8252,0.8273,0.5313465352592373
0,271.46,270.355,0.9246,0.9292,0.9602610473505223
0,271.46,270.626,0.9108,0.9133,0.3399069508955658
0,271.46,270.481,0.8689,0.8721,1.088014306618468
0,271.46,270.699,0.8307,0.8324,0.5486348039340652
0,271.46,270.383,0.9224,0.9267,0.9608295391392575
0,271.46,270.639,0.9109,0.9132,0.3158429229145529
0,271.46,270.527,0.8752,0.8783,1.0969929078737388
0,271.46,270.716,0.8372,0.8387,0.5717566141342865
0,271.46,270.411,0.9188,0.9227,0.9682008127138216
0,271.46,270.658,0.9116,0.9136,0.2836328919661658
0,271.463,270.458,0.8724,0.8756,1.1067946750419357
0,271.46,270.725,0.8423,0.8437,0.5943586239949423
0,271.46,270.446,0.9152,0.9187,0.975832164908506
0,271.46,270.683,0.911,0.9128,0.26901913497473656
0,271.716,270.702,0.879,0.8831,1.114691102466184
0,271.541,270.796,0.8486,0.85,0.6219024335527422
0,271.46,270.476,0.9172,0.9205,0.9904561700478759
0,271.46,270.707,0.9091,0.9106,0.2880495887994371
0,271.888,270.921,0.8852,0.8885,1.121403384438111
0,271.787,271.0,0.8527,0.8542,0.6583317952613789
0,271.503,270.524,0.9174,0.9212,1.0084681823048647
0,271.46,270.73,0.9057,0.907,0.30388833087751677
0,271.904,270.955,0.8866,0.8897,1.1293686427067349
0,271.887,271.078,0.8566,0.8581,0.669653194515966
0,271.904,270.893,0.9152,0.9191,0.999891094308454
0,271.46,270.755,0.9015,0.9025,0.32005950044102727
0,272.525,271.549,0.8889,0.8926,1.1389246072817933
0,272.546,271.638,0.8562,0.8592,0.6517214849107494
0,272.861,271.718,0.9061,0.9113,0.9576187586994539
0,272.198,271.461,0.8976,0.8982,0.3342001600954454
0,272.648,271.699,0.8888,0.8922,1.1495551488020883
0,272.916,271.957,0.8566,0.8596,0.6382140690245904
0,273.549,272.261,0.8854,0.8912,0.899150780337832
0,272.554,271.819,0.8971,0.8983,0.35052454201995586
0,272.943,271.997,0.8878,0.8908,1.1619842147930233
0,273.127,272.132,0.8562,0.8592,0.5994225347085906
0,273.857,272.536,0.8673,0.8739,0.8461015739319745
0,273.33,272.551,0.8965,0.8983,0.3784443719312915
0,271.46,270.529,0.9606,0.964,0.9811222996640035
0,271.46,270.62,0.8792,0.8817,0.4732089449506203
0,271.46,270.27,0.935,0.9406,1.0497836162196061
0,271.46,270.257,0.894,0.8993,0.42957839833174427
0,271.46,270.493,0.9567,0.9602,1.0282818801527536
0,271.46,270.672,0.8845,0.8865,0.48573870791758667
0,271.46,270.235,0.9304,0.9363,1.0822628522482196
0,271.46,270.313,0.8855,0.8901,0.46829651308040987
0,271.46,270.394,0.9454,0.9498,1.050822910983873
0,271.46,270.674,0.8838,0.8857,0.4885021388547567
0,271.46,270.253,0.9307,0.9365,1.0722874274089522
0,271.46,270.367,0.8771,0.881,0.4832539654214233
0,271.46,270.224,0.9182,0.9242,1.0625880907343488
0,271.46,270.641,0.8723,0.8746,0.4935968959838477
0,271.46,270.322,0.9371,0.9422,1.0674399004756976
0,271.46,270.418,0.8695,0.8728,0.38099886301642255
0,271.46,270.18,0.9031,0.9094,1.0665470369596142
0,271.46,270.602,0.8599,0.8626,0.4990421805611499
0,271.46,270.296,0.934,0.9393,1.064639504825807
0,271.46,270.513,0.878,0.8811,0.27691959027802565
0,271.46,270.223,0.8999,0.9056,1.0611130202464654
0,271.46,270.574,0.8457,0.8487,0.4974042613940541
0,271.46,270.248,0.9275,0.9332,1.0583962923118495
0,271.46,270.621,0.8976,0.9001,0.30060810776360936
0,271.46,270.308,0.887,0.8918,1.0575683337327222
0,271.46,270.567,0.8346,0.8375,0.4870296686432166
0,271.46,270.237,0.9241,0.93,1.0468875202031271
0,271.46,270.646,0.9061,0.9083,0.36291021908602844
0,271.46,270.452,0.8735,0.8766,1.0559429060892351
0,271.46,270.555,0.8236,0.8265,0.47697526678325425
0,271.46,270.269,0.9252,0.9307,1.0255726471323032
0,271.46,270.647,0.9088,0.9109,0.37236018416074806
0,271.46,270.491,0.8676,0.8707,1.0618534871745193
0,271.46,270.554,0.8181,0.821,0.47318829569730747
0,271.46,270.298,0.9243,0.9296,1.0045715407402118
0,271.46,270.654,0.9098,0.9119,0.3888732135846594
0,271.46,270.529,0.87,0.8731,1.070737764680089
0,271.46,270.559,0.8169,0.8198,0.47870368576425176
0,271.46,270.318,0.9214,0.9264,0.9990523267374687
0,271.46,270.671,0.9095,0.9114,0.3359492283297559
0,271.46,270.531,0.8742,0.8773,1.0782428760076073
0,271.46,270.555,0.8142,0.8171,0.4949477650369903
0,271.46,270.356,0.9189,0.9234,1.0088122855409343
0,271.46,270.691,0.9085,0.9102,0.31063502827163203
0,271.46,270.49,0.8735,0.8766,1.0882664314521269
0,271.46,270.571,0.8147,0.8175,0.5266698617774673
0,271.46,270.409,0.9132,0.917,1.0247249570444545
0,271.46,270.717,0.9068,0.9083,0.28041063971896624
0,271.679,270.715,0.8772,0.8808,1.0990116910463816
0,271.572,270.682,0.8135,0.8164,0.5523718089255761
0,271.46,270.5,0.9044,0.9077,1.040183905819011
0,271.46,270.733,0.905,0.9063,0.2604586173667868
0,271.854,270.93,0.8859,0.8888,1.1154800569001648
0,271.846,270.934,0.8122,0.8148,0.5650290364191647
0,271.554,270.637,0.9061,0.9093,1.0525148241244462
0,271.46,270.755,0.9023,0.9033,0.26946398617264816
0,272.008,271.088,0.8879,0.8905,1.1250322485252353
0,271.977,271.068,0.8111,0.8134,0.6108168436724061
0,272.141,271.163,0.9091,0.9124,1.066829090464124
0,271.461,270.789,0.8988,0.8994,0.30642334538297994
0,272.47,271.533,0.8904,0.8937,1.1309861165637602
0,272.531,271.564,0.8112,0.8146,0.6609078533444144
0,272.82,271.705,0.8997,0.9047,1.0797673517460091
0,272.439,271.703,0.8966,0.8979,0.3278246394028543
0,272.736,271.81,0.8969,0.8999,1.1230833159131814
0,273.143,272.117,0.8118,0.8149,0.6449199777701866
0,273.425,272.144,0.8793,0.8851,1.0825825332809877
0,273.474,272.657,0.893,0.895,0.34045509934585205
0,273.017,272.095,0.8979,0.9005,1.1133030137712674
0,273.356,272.325,0.8104,0.8131,0.6264220707377136
0,273.585,272.294,0.8648,0.8703,1.0752507737096768
0,273.603,272.78,0.8879,0.8899,0.3555313486256774
0,271.46,270.522,0.9602,0.9637,0.9674800263086784
0,271.46,270.667,0.8784,0.8804,0.46806243722372065
0,271.46,270.28,0.9347,0.9402,1.0637065664625536
0,271.46,270.261,0.8939,0.8992,0.43926162349018283
0,271.46,270.486,0.9564,0.96,1.008022923220468
0,271.46,270.736,0.8839,0.8852,0.4760506391071365
0,271.46,270.253,0.9298,0.9356,1.1388762217474877
0,271.46,270.322,0.8853,0.8899,0.4803125940050884
0,271.46,270.394,0.9456,0.9499,1.0327943283384236
0,271.46,270.767,0.883,0.8839,0.4689179791264092
0,271.46,270.266,0.9283,0.9339,1.1517806794369128
0,271.46,270.383,0.8766,0.8804,0.5109711267354295
0,271.46,270.224,0.9185,0.9245,1.0434376163113805
0,271.46,270.783,0.878,0.8787,0.46712378844967456
0,271.46,270.312,0.9314,0.9366,1.1530552737173243
0,271.46,270.432,0.8668,0.87,0.4874138977122667
0,271.46,270.177,0.9009,0.9072,1.0350643695859447
0,271.46,270.794,0.8781,0.8788,0.47471302636476276
0,271.46,270.36,0.9367,0.9413,1.1490439650645226
0,271.46,270.486,0.8672,0.8703,0.3903999836845406
0,271.46,270.222,0.8958,0.9015,1.0094784661428726
0,271.46,270.802,0.8847,0.8853,0.47951588972788883
0,271.46,270.311,0.9319,0.937,1.145258268623842
0,271.46,270.561,0.8736,0.8767,0.2800462951160692
0,271.46,270.328,0.8834,0.8879,0.9681417711450904
0,271.46,270.791,0.8852,0.8858,0.47760009789275654
0,271.46,270.281,0.9285,0.934,1.1394904987941856
0,271.46,270.632,0.888,0.8904,0.32616729464190114
0,271.46,270.477,0.8751,0.8783,0.9261853436188708
0,271.46,270.769,0.8804,0.8813,0.4646267583731447
0,271.46,270.262,0.9266,0.9323,1.129843728490361
0,271.46,270.657,0.8951,0.8972,0.3780668220034365
0,271.46,270.517,0.8714,0.8745,0.9157536467601066
0,271.46,270.761,0.877,0.8779,0.4526514660969852
0,271.46,270.256,0.9255,0.9312,1.1202902622200241
0,271.46,270.671,0.8978,0.8997,0.4003450719664718
0,271.46,270.545,0.8715,0.8747,0.9197904483182329
0,271.46,270.75,0.873,0.8741,0.4502780766112792
0,271.46,270.284,0.9255,0.9309,1.1061722402655343
0,271.46,270.688,0.8972,0.8989,0.38053861410369494
0,271.46,270.54,0.8727,0.8759,0.9282732125649431
0,271.46,270.747,0.8712,0.8723,0.451827535396899
0,271.46,270.316,0.9226,0.9276,1.0944161869751647
0,271.46,270.71,0.8951,0.8967,0.31928477104821734
0,271.462,270.553,0.8749,0.878,0.9252802944940424
0,271.46,270.742,0.8693,0.8704,0.46429637032013993
0,271.46,270.356,0.9176,0.9221,1.0870614837890618
0,271.46,270.725,0.8933,0.8946,0.30605395318482864
0,271.927,271.003,0.8796,0.8824,0.9110193083264928
0,271.537,270.808,0.8678,0.869,0.502986952731055
0,271.46,270.409,0.9104,0.9142,1.0884858233953492
0,271.46,270.744,0.8902,0.8913,0.27754268786996583
0,272.011,271.116,0.8855,0.8879,0.8796388675031741
0,272.101,271.306,0.866,0.8671,0.5296283134403695
0,271.566,270.59,0.8994,0.9033,1.0986058439936166
0,271.46,270.769,0.885,0.8859,0.2662518801017677
0,272.277,271.371,0.889,0.8912,0.8384232128198723
0,272.209,271.396,0.863,0.864,0.5527057659853264
0,272.197,271.223,0.8907,0.8937,1.111644445350859
0,271.5,270.832,0.8797,0.8802,0.2797080552482244
0,272.491,271.55,0.8855,0.8889,0.8143018258018792
0,272.589,271.72,0.8596,0.8622,0.6003418088745903
0,272.399,271.372,0.8833,0.8866,1.1226612043868194
0,271.927,271.23,0.8729,0.8732,0.3017619676444046
0,272.917,271.914,0.8761,0.8796,0.8177598874233301
0,272.993,272.06,0.8549,0.8575,0.6678610432716575
0,273.117,271.943,0.8738,0.8789,1.13491946791208
0,272.688,271.908,0.866,0.8675,0.32304599429978637
0,273.488,272.414,0.8653,0.8687,0.83127602188311
0,273.549,272.528,0.8502,0.8539,0.659129723198034
0,273.683,272.381,0.8601,0.8655,1.1484064894739796
0,273.4,272.517,0.8568,0.8592,0.3363150515211616
0,271.46,270.511,0.9599,0.9634,0.9465110919631068
0,271.46,270.696,0.8441,0.8458,0.4537112061713226
0,271.46,270.205,0.9284,0.9347,1.0573644414759371
0,271.46,270.258,0.8945,0.8999,0.45044230190737916
0,271.46,270.482,0.956,0.9596,0.9858236502781278
0,271.46,270.73,0.8559,0.8572,0.4687902596707336
0,271.46,270.173,0.9231,0.9297,1.1353829289308788
0,271.46,270.31,0.8855,0.8902,0.4950140975766445
0,271.46,270.405,0.9464,0.9506,0.9870916673889656
0,271.46,270.732,0.8662,0.8675,0.4707799809313068
0,271.46,270.201,0.9232,0.9295,1.1717174570317082
0,271.46,270.379,0.8775,0.8813,0.5184724141271484
0,271.46,270.226,0.9195,0.9255,0.9391089719731
0,271.46,270.755,0.8842,0.8853,0.4613781974476504
0,271.46,270.22,0.9231,0.9292,1.1835512126975065
0,271.46,270.431,0.8694,0.8726,0.5246220676785651
0,271.46,270.175,0.8997,0.906,0.8603093818990175
0,271.46,270.779,0.8921,0.8929,0.4588635772664468
0,271.46,270.241,0.9241,0.9299,1.181173948290191
0,271.46,270.467,0.8638,0.8669,0.49205549295631024
0,271.46,270.23,0.8918,0.8974,0.7588896310156883
0,271.46,270.793,0.8885,0.8891,0.4490449847807355
0,271.46,270.275,0.9269,0.9324,1.172092100768356
0,271.46,270.525,0.8645,0.8676,0.3819745784748106
0,271.46,270.359,0.8852,0.8894,0.6930593525821763
0,271.46,270.794,0.879,0.8796,0.4362309759194016
0,271.46,270.276,0.9259,0.9314,1.1685103475702714
0,271.46,270.585,0.8658,0.8687,0.3023353030851514
0,271.46,270.495,0.8808,0.8839,0.6582153946556673
0,271.46,270.791,0.866,0.8667,0.42773291592949675
0,271.46,270.276,0.9253,0.9308,1.1693847542228997
0,271.46,270.625,0.8686,0.8711,0.3373877929772145
0,271.46,270.52,0.8775,0.8806,0.6081537018247822
0,271.46,270.796,0.866,0.8666,0.4147951645057181
0,271.46,270.264,0.9241,0.9297,1.1616104378151557
0,271.46,270.656,0.8703,0.8724,0.37374195061514387
0,271.46,270.548,0.8763,0.8795,0.5482810133939725
0,271.46,270.803,0.8714,0.872,0.40908765990424867
0,271.46,270.267,0.9236,0.9292,1.1472502842458945
0,271.46,270.68,0.8702,0.8721,0.450784314725212
0,271.46,270.565,0.8698,0.8729,0.49403338550881293
0,271.46,270.81,0.8774,0.8778,0.4273278336638914
0,271.46,270.321,0.9265,0.9315,1.131067336960124
0,271.46,270.693,0.868,0.8697,0.41008157729703826
0,271.46,270.594,0.8719,0.8746,0.4556232250564668
0,271.46,270.819,0.883,0.8833,0.44944190931663713
0,271.46,270.355,0.9263,0.9309,1.1232026227101
0,271.46,270.703,0.863,0.8647,0.3196480449490907
0,271.51,270.65,0.8717,0.8744,0.4228610687645628
0,271.46,270.834,0.8863,0.8865,0.4707320542692968
0,271.46,270.362,0.9193,0.9237,1.1151710828876324
0,271.46,270.714,0.8567,0.8582,0.273652470517455
0,271.841,270.907,0.8616,0.8645,0.41060377396970427
0,272.035,271.358,0.8876,0.8876,0.5127800523114419
0,271.491,270.421,0.9119,0.916,1.1080103807110482
0,271.46,270.713,0.8504,0.8519,0.26571907838048675
0,272.132,271.139,0.8494,0.8525,0.42673950839481367
0,272.34,271.64,0.8878,0.8888,0.523350685504224
0,272.885,271.749,0.9029,0.908,1.1197881029709431
0,271.463,270.702,0.8457,0.8474,0.2783339876512367
0,272.092,271.146,0.8413,0.8439,0.4643746845252966
0,272.11,271.453,0.8875,0.8872,0.5514015489489276
0,272.262,271.197,0.8928,0.8967,1.1192005424890252
0,272.62,271.682,0.8441,0.8473,0.28780715126980166
0,272.454,271.525,0.8373,0.8402,0.5252823339264683
0,272.347,271.684,0.8877,0.8883,0.6055280855337959
0,272.867,271.743,0.8854,0.8904,1.0821643986478564
0,273.13,272.096,0.8407,0.844,0.30014061886576965
0,273.568,272.553,0.8342,0.838,0.6076981436066343
0,273.151,272.423,0.8899,0.8902,0.6547205212789282
0,273.422,272.227,0.878,0.8829,1.042337852375684
0,273.302,272.226,0.8381,0.8415,0.3141502449868202
0,271.46,270.545,0.9629,0.9661,0.8770579657681268
0,271.46,270.694,0.8328,0.8345,0.3985120810878333
0,271.46,270.199,0.9268,0.9331,0.9562366353443836
0,271.46,270.22,0.9057,0.9116,0.39212095873718344
0,271.46,270.524,0.9605,0.964,0.9205988283460714
0,271.46,270.751,0.8288,0.8299,0.43354570622995625
0,271.46,270.153,0.9205,0.9272,1.043395604003406
0,271.46,270.248,0.8967,0.9022,0.46539796974502
0,271.46,270.487,0.9562,0.9598,0.8716852849851886
0,271.46,270.748,0.8257,0.8269,0.45295727898925725
0,271.46,270.164,0.9193,0.9259,1.0910418440547995
0,271.46,270.284,0.8889,0.8939,0.5071066572172965
0,271.46,270.421,0.948,0.9521,0.7768312828539817
0,271.46,270.737,0.8259,0.8271,0.46358460840348137
0,271.46,270.18,0.9193,0.9258,1.146819811046586
0,271.46,270.331,0.8796,0.884,0.5219674914471303
0,271.46,270.246,0.923,0.9288,0.664746676999791
0,271.46,270.712,0.8304,0.832,0.4594279901903301
0,271.46,270.19,0.9191,0.9254,1.1825098785008132
0,271.46,270.393,0.8746,0.8782,0.5313386834443975
0,271.46,270.175,0.9009,0.9073,0.5533641457582354
0,271.46,270.674,0.8394,0.8413,0.44109094339045435
0,271.46,270.19,0.9176,0.9239,1.1942913737106964
0,271.46,270.436,0.8692,0.8724,0.5235073649003483
0,271.46,270.231,0.8889,0.8945,0.49823986784477886
0,271.46,270.655,0.8512,0.8533,0.41783784472781227
0,271.46,270.189,0.9166,0.9229,1.1973033094889693
0,271.46,270.469,0.8637,0.8668,0.4778356013521437
0,271.46,270.375,0.8837,0.8877,0.46171862970535293
0,271.46,270.708,0.8758,0.8774,0.3997480791095838
0,271.46,270.214,0.9189,0.925,1.1912882584776658
0,271.46,270.506,0.8625,0.8656,0.3682836646561263
0,271.46,270.519,0.8846,0.8878,0.4070758617876645
0,271.46,270.754,0.8903,0.8913,0.3851074016101319
0,271.46,270.241,0.9211,0.9269,1.1794531771807908
0,271.46,270.54,0.8612,0.8643,0.2931591318136163
0,271.46,270.523,0.8796,0.8828,0.36110705490661954
0,271.46,270.773,0.8926,0.8934,0.3745020980661082
0,271.46,270.249,0.9215,0.9273,1.1579575594112157
0,271.46,270.566,0.8595,0.8626,0.3087681828147227
0,271.46,270.54,0.8681,0.8712,0.33667460345785777
0,271.46,270.78,0.8919,0.8927,0.36896896493705805
0,271.46,270.258,0.9207,0.9264,1.1456244487159224
0,271.46,270.58,0.8582,0.8612,0.34069575237211486
0,271.46,270.543,0.8594,0.8625,0.331672895433201
0,271.46,270.783,0.8932,0.8939,0.38497137146732074
0,271.46,270.288,0.9213,0.9266,1.1436862231241047
0,271.46,270.58,0.8547,0.8577,0.42008320884297906
0,271.46,270.539,0.8531,0.8562,0.3338920528416942
0,271.46,270.787,0.8965,0.8971,0.4250643186001336
0,271.46,270.327,0.9234,0.9282,1.13273982450684
0,271.46,270.587,0.8543,0.8572,0.4436972870450154
0,271.461,270.547,0.8477,0.8507,0.34452004507145667
0,271.46,270.791,0.8959,0.8966,0.45070355320114414
0,271.46,270.359,0.925,0.9295,1.1053196555398634
0,271.46,270.583,0.8513,0.8542,0.4345840832496317
0,271.781,270.842,0.8395,0.8426,0.3636471170073369
0,271.655,270.964,0.8894,0.8901,0.49541530492064056
0,271.46,270.368,0.9214,0.9258,1.0611671671773748
0,271.46,270.587,0.8511,0.854,0.4120560028144168
0,272.17,271.219,0.8398,0.8423,0.388543488347193
0,272.395,271.607,0.879,0.881,0.5404676418552719
0,271.73,270.62,0.9143,0.9194,0.9906244742088279
0,271.46,270.583,0.852,0.8549,0.38322352689246586
0,272.517,271.562,0.837,0.8404,0.43263346810582626
0,272.97,272.115,0.8706,0.8725,0.5847463200991164
0,272.968,271.777,0.9085,0.9141,0.9483455104444433
0,271.912,270.969,0.8537,0.8566,0.3489429621736271
0,273.225,272.233,0.8334,0.8361,0.5059242962683485
0,273.006,272.152,0.8614,0.8631,0.5968579994187619
0,273.483,272.264,0.9045,0.9098,0.9567428734583165
0,273.804,272.609,0.8559,0.8615,0.32265977678412106
0,273.5,272.539,0.8318,0.8349,0.6033146385360955
0,273.357,272.464,0.8527,0.8546,0.6077153768106336
0,274.091,272.824,0.901,0.9072,0.9810761065195555
0,274.192,272.944,0.8592,0.8647,0.3058140649457256
0,271.46,270.559,0.9648,0.9679,0.7786184884746574
0,271.46,270.502,0.8392,0.8423,0.35033303931515863
0,271.46,270.167,0.9236,0.9303,0.8332244446370576
0,271.46,270.21,0.917,0.9231,0.3288791789245053
0,271.46,270.55,0.9633,0.9665,0.8289821702620161
0,271.46,270.657,0.8235,0.8257,0.3700594494552165
0,271.46,270.149,0.9177,0.9245,0.968158392519362
0,271.46,270.219,0.9084,0.9143,0.4057048533393157
0,271.46,270.534,0.9613,0.9646,0.7655111582446608
0,271.46,270.713,0.8184,0.82,0.40476039218285553
0,271.46,270.147,0.9149,0.9217,1.0329906746952324
0,271.46,270.23,0.9001,0.9058,0.4610527040324678
0,271.46,270.494,0.9567,0.9602,0.6352026431044242
0,271.46,270.76,0.816,0.817,0.43375347340835047
0,271.46,270.162,0.9151,0.9217,1.0817165392871164
0,271.46,270.245,0.8926,0.8981,0.498710925749364
0,271.46,270.443,0.9502,0.9541,0.5212047947056335
0,271.46,270.757,0.8187,0.8198,0.44400289599404485
0,271.46,270.168,0.9144,0.921,1.1449894204442905
0,271.46,270.277,0.8856,0.8906,0.525331892134419
0,271.46,270.303,0.9314,0.9366,0.43270107529074664
0,271.46,270.741,0.8201,0.8214,0.43628619355233444
0,271.46,270.18,0.9144,0.9208,1.182823441236304
0,271.46,270.323,0.8805,0.885,0.5396595677422973
0,271.46,270.165,0.9024,0.9089,0.38963346300724516
0,271.46,270.721,0.8219,0.8234,0.4130602193409575
0,271.46,270.194,0.9152,0.9214,1.1915343159998575
0,271.46,270.36,0.8758,0.8798,0.5451292235370897
0,271.46,270.212,0.8878,0.8936,0.35989726359154245
0,271.46,270.704,0.8324,0.8341,0.39465434169670577
0,271.46,270.201,0.9157,0.9219,1.1900149388425203
0,271.46,270.399,0.8726,0.8761,0.5125276215629191
0,271.46,270.346,0.878,0.8822,0.32465092564739234
0,271.46,270.665,0.8399,0.842,0.37380369443183964
0,271.46,270.201,0.9154,0.9216,1.204047457592552
0,271.46,270.426,0.8692,0.8724,0.4418485415508865
0,271.46,270.515,0.8793,0.8825,0.3053910356747717
0,271.46,270.625,0.8474,0.8499,0.3548193827657763
0,271.46,270.231,0.9174,0.9233,1.2051806172342239
0,271.46,270.441,0.8653,0.8684,0.3453285780567268
0,271.46,270.505,0.8824,0.8856,0.30467590869461036
0,271.46,270.634,0.8593,0.8617,0.3452681088852973
0,271.46,270.257,0.9191,0.9247,1.1277790580881342
0,271.46,270.452,0.8623,0.8654,0.27909953959812983
0,271.46,270.469,0.8713,0.8745,0.31310768713067155
0,271.46,270.684,0.8722,0.8741,0.3459640652006547
0,271.46,270.278,0.9192,0.9246,1.042336373787175
0,271.46,270.474,0.8636,0.8667,0.2703187632881769
0,271.46,270.478,0.8585,0.8616,0.32053122116115085
0,271.46,270.713,0.8739,0.8754,0.36107891073914133
0,271.46,270.295,0.9191,0.9243,1.044357196392244
0,271.46,270.49,0.8649,0.868,0.3097996257641499
0,271.46,270.507,0.8528,0.8558,0.32751755186531584
0,271.46,270.728,0.867,0.8684,0.4074698801323593
0,271.46,270.323,0.9204,0.9253,1.0928281319308837
0,271.46,270.494,0.866,0.8691,0.3532496826133288
0,271.46,270.536,0.8491,0.8521,0.34665354631805967
0,271.46,270.73,0.8553,0.8566,0.4392351618544558
0,271.46,270.349,0.922,0.9267,1.051119189529554
0,271.46,270.492,0.8678,0.8709,0.41976194725008026
0,271.488,270.586,0.847,0.8501,0.38025956876201356
0,271.48,270.756,0.8398,0.841,0.45703063737361893
0,271.464,270.367,0.9226,0.927,0.9650216944624311
0,271.46,270.483,0.8702,0.8734,0.4761374679426716
0,271.918,270.99,0.8465,0.8492,0.4122684606873907
0,271.911,271.15,0.8317,0.8325,0.5247105280600408
0,271.804,270.699,0.9217,0.9268,0.920688767316056
0,271.461,270.457,0.8716,0.8747,0.5003404322577027
0,272.206,271.282,0.8459,0.8481,0.4612721979473113
0,272.528,271.711,0.8272,0.8292,0.5776452713209913
0,272.417,271.283,0.9201,0.9249,0.9464417002748137
0,271.505,270.481,0.8724,0.876,0.5210633600668934
0,273.094,272.1,0.842,0.8449,0.5584728729994441
0,273.28,272.387,0.8274,0.8289,0.622390418746463
0,273.207,272.036,0.918,0.9232,0.9700096363182127
0,271.906,270.844,0.8759,0.8802,0.5221276888641891
0,273.896,272.818,0.8348,0.8389,0.6966762859896092
0,274.038,273.065,0.8283,0.831,0.6392437784564555
0,273.849,272.673,0.9191,0.9246,0.9626727781658364
0,273.115,271.959,0.8828,0.8878,0.5133160661387935
0,271.46,270.563,0.9659,0.9689,0.7262892017151628
0,271.46,270.349,0.8436,0.8475,0.32057517092993026
0,271.46,270.19,0.9222,0.9285,0.824714301010029
0,271.46,270.203,0.9223,0.9286,0.3243364451673099
0,271.46,270.569,0.9653,0.9683,0.7669349879928415
0,271.46,270.515,0.8273,0.8302,0.32920324473698975
0,271.46,270.164,0.918,0.9246,0.8949669866876049
0,271.46,270.223,0.919,0.9249,0.3751714907741176
0,271.46,270.564,0.9643,0.9674,0.7157299383581547
0,271.46,270.629,0.8181,0.8205,0.3460897452239041
0,271.46,270.143,0.9137,0.9205,0.9904022270602093
0,271.46,270.215,0.9114,0.9174,0.4253547847634002
0,271.46,270.535,0.9614,0.9647,0.5871602433042884
0,271.46,270.743,0.8161,0.8173,0.38023876655126876
0,271.46,270.134,0.9091,0.9159,1.0353666134714707
0,271.46,270.213,0.905,0.9109,0.4496392753896591
0,271.46,270.503,0.9573,0.9609,0.47056334222185975
0,271.46,270.803,0.8165,0.8171,0.41536671544309217
0,271.46,270.159,0.9092,0.9158,1.0693175549244645
0,271.46,270.214,0.8982,0.904,0.48968643726450933
0,271.46,270.468,0.9527,0.9564,0.38267889646311437
0,271.46,270.816,0.8194,0.8198,0.417279957987692
0,271.46,270.161,0.9064,0.9129,1.1291098897176917
0,271.46,270.232,0.8925,0.8981,0.5112269225474552
0,271.46,270.364,0.9403,0.9449,0.34167743317034865
0,271.46,270.82,0.8236,0.824,0.4083829340294596
0,271.46,270.176,0.9052,0.9116,1.177659853262837
0,271.46,270.262,0.8874,0.8926,0.5293145467616363
0,271.46,270.176,0.9069,0.9133,0.3274435204682538
0,271.46,270.802,0.8263,0.8269,0.398006046917143
0,271.46,270.218,0.9073,0.9132,1.1963945893857741
0,271.46,270.284,0.8816,0.8865,0.5604542835728819
0,271.46,270.191,0.8904,0.8965,0.2943537293571199
0,271.46,270.769,0.8206,0.8215,0.3708720103195281
0,271.46,270.228,0.9096,0.9154,1.1972217831777416
0,271.46,270.315,0.8781,0.8827,0.5546495490305048
0,271.46,270.282,0.873,0.8779,0.28072155119230324
0,271.46,270.737,0.8235,0.8248,0.34459647280161926
0,271.46,270.227,0.9113,0.9172,1.1923437157439085
0,271.46,270.343,0.8753,0.8795,0.4910269052122794
0,271.46,270.494,0.867,0.8702,0.2830133123951604
0,271.46,270.719,0.8303,0.8317,0.3297685244196541
0,271.46,270.244,0.9136,0.9193,1.1908982680120124
0,271.46,270.372,0.8753,0.8792,0.39029806304905346
0,271.46,270.573,0.8743,0.8773,0.2947183798748808
0,271.46,270.687,0.8223,0.8241,0.3250027787266805
0,271.46,270.286,0.9182,0.9235,1.0851274900195276
0,271.46,270.397,0.8755,0.8792,0.31399703262582024
0,271.46,270.52,0.879,0.8822,0.30628706031111547
0,271.46,270.676,0.8229,0.8248,0.3370262525939032
0,271.46,270.326,0.9209,0.9257,0.9575462058909006
0,271.46,270.414,0.8763,0.8798,0.26073057568078806
0,271.46,270.482,0.8684,0.8715,0.32030153008417755
0,271.46,270.725,0.828,0.8294,0.3593555903392087
0,271.46,270.361,0.9213,0.9257,0.9633152503658232
0,271.46,270.418,0.8773,0.8807,0.26118970290568133
0,271.46,270.478,0.8582,0.8613,0.3445312619497994
0,271.46,270.779,0.8303,0.8311,0.39303299291807103
0,271.46,270.386,0.9206,0.9248,1.0003041813463311
0,271.46,270.401,0.8775,0.8811,0.2719515328883972
0,271.468,270.504,0.8538,0.857,0.37861272707805427
0,271.658,270.975,0.828,0.8285,0.4245736821442593
0,271.474,270.421,0.9207,0.9247,0.9616158932968955
0,271.46,270.394,0.8787,0.8824,0.3002932703828525
0,271.961,270.96,0.8512,0.8547,0.4121856597308969
0,271.931,271.234,0.8257,0.8258,0.433706056604447
0,272.08,271.008,0.9205,0.925,0.9192599409584314
0,271.46,270.436,0.8843,0.8875,0.32607679482799934
0,272.33,271.337,0.8557,0.8584,0.44844931755492456
0,272.218,271.519,0.8278,0.8284,0.4949794272254032
0,272.106,271.056,0.9217,0.9259,0.914435153696726
0,271.51,270.568,0.8927,0.8962,0.37462981752178365
0,272.363,271.417,0.8591,0.8613,0.5128647907287401
0,272.299,271.638,0.8341,0.8349,0.5475534458760127
0,272.156,271.128,0.9228,0.9267,0.9099624234575518
0,272.154,271.245,0.9004,0.9029,0.4938920018558835
0,272.757,271.792,0.8557,0.859,0.622768529518235
0,272.628,271.964,0.8447,0.845,0.5903203438483071
0,272.369,271.354,0.9228,0.9263,0.9315941733415594
0,272.638,271.752,0.9049,0.9076,0.5917959751801074
0,273.484,272.423,0.8471,0.8501,0.7638182253878745
0,273.389,272.65,0.8528,0.8542,0.63799794017325
0,273.001,271.972,0.9224,0.9264,0.949914904682027
0,273.461,272.551,0.9072,0.9102,0.6227265172102605
0,271.46,270.569,0.9651,0.9681,0.6894212600633243
0,271.46,270.479,0.8367,0.8397,0.35140307852324715
0,271.46,270.157,0.9138,0.9205,0.9022729984245386
0,271.46,270.215,0.9193,0.9254,0.39538991398693746
0,271.46,270.569,0.9644,0.9674,0.5994070860079641
0,271.46,270.583,0.8298,0.8328,0.349036062263872
0,271.46,270.135,0.9093,0.9161,0.9936051556851726
0,271.46,270.209,0.9142,0.9203,0.42879250304640226
0,271.46,270.52,0.96,0.9635,0.47259645240729514
0,271.46,270.697,0.8273,0.829,0.3599342792900736
0,271.46,270.144,0.9044,0.9111,1.029346973737209
0,271.46,270.213,0.9109,0.9169,0.45920370360928553
0,271.46,270.511,0.9581,0.9616,0.37464756058388954
0,271.46,270.75,0.819,0.8202,0.3884340727975405
0,271.46,270.158,0.9007,0.9072,1.0497999316790139
0,271.46,270.202,0.9056,0.9116,0.4722186985361973
0,271.46,270.487,0.9549,0.9585,0.32712883604492876
0,271.46,270.795,0.8178,0.8185,0.3945077574910902
0,271.46,270.179,0.8962,0.9025,1.1000454283572882
0,271.46,270.204,0.9003,0.9063,0.47576119266008277
0,271.46,270.408,0.9459,0.9501,0.32306771425512276
0,271.46,270.812,0.8204,0.8209,0.39563836784222955
0,271.46,270.211,0.8926,0.8984,1.178204126791514
0,271.46,270.219,0.8951,0.9009,0.48836463012343667
0,271.46,270.201,0.9141,0.9203,0.30518678651731224
0,271.46,270.805,0.8217,0.8223,0.37184966323872065
0,271.46,270.273,0.8888,0.8939,1.1973085100416556
0,271.46,270.232,0.8897,0.8952,0.5384276485853986
0,271.46,270.187,0.8943,0.9005,0.2905373394584287
0,271.46,270.788,0.8265,0.8273,0.33729020613563254
0,271.46,270.317,0.8912,0.8958,1.2014370860589498
0,271.46,270.257,0.887,0.8922,0.5761719343506702
0,271.46,270.261,0.8764,0.8815,0.2783425532674257
0,271.46,270.763,0.8224,0.8234,0.3248981048574182
0,271.46,270.303,0.8965,0.9014,1.1927299842453845
0,271.46,270.285,0.8854,0.8903,0.5435996492176227
0,271.46,270.425,0.8587,0.8618,0.2727177476508288
0,271.46,270.769,0.8178,0.8187,0.3257674129289819
0,271.46,270.318,0.9059,0.9107,1.1767439951461507
0,271.46,270.311,0.8838,0.8884,0.45056711517184783
0,271.46,270.592,0.8602,0.863,0.2771216470456272
0,271.46,270.795,0.8213,0.822,0.3299455981400377
0,271.46,270.335,0.9122,0.9169,1.0474380649865145
0,271.46,270.33,0.8824,0.8868,0.34356569266773057
0,271.46,270.612,0.8693,0.8719,0.2835331127347259
0,271.46,270.824,0.8219,0.8222,0.35419827362045136
0,271.46,270.362,0.9166,0.921,0.8763118394150909
0,271.46,270.332,0.8818,0.8862,0.283624734236462
0,271.46,270.583,0.8751,0.878,0.3090132716065119
0,271.46,270.847,0.8266,0.8267,0.387543095756451
0,271.46,270.384,0.9178,0.922,0.8635794078507951
0,271.46,270.352,0.8846,0.8888,0.25973400702584476
0,271.46,270.553,0.8718,0.8749,0.3509580233820928
0,271.476,270.879,0.8312,0.8311,0.41770375204580573
0,271.46,270.399,0.9177,0.9217,0.88165081857719
0,271.46,270.435,0.8922,0.8956,0.2587563541066521
0,271.989,271.002,0.8666,0.8699,0.38631800869817934
0,272.07,271.411,0.8355,0.835,0.44263418190717524
0,271.73,270.675,0.9176,0.9222,0.8988383902759864
0,271.52,270.609,0.9012,0.9044,0.26947994473138126
0,272.688,271.631,0.8656,0.87,0.40654535442786266
0,272.434,271.768,0.841,0.8417,0.46539761284434544
0,272.357,271.29,0.9176,0.9216,0.9217871036490545
0,272.05,271.184,0.9064,0.9085,0.27948336078069475
0,272.819,271.803,0.8646,0.8684,0.4198080384229069
0,272.4,271.775,0.8496,0.8499,0.4963784778696089
0,272.308,271.272,0.9177,0.9215,0.9818598604008505
0,272.023,271.199,0.9066,0.9083,0.316249228839614
0,272.959,271.985,0.8619,0.865,0.4500732156240918
0,272.808,272.126,0.8548,0.855,0.5397496086839033
0,272.935,271.875,0.9173,0.9217,1.0718470119765668
0,272.928,272.056,0.9055,0.9078,0.3885641885863165
0,273.317,272.317,0.8581,0.8608,0.5256622292016131
0,273.382,272.6,0.8535,0.8553,0.5812291149373131
0,273.375,272.3,0.9173,0.9213,1.135034389929283
0,273.639,272.734,0.9075,0.9103,0.4978013388873877
0,273.509,272.477,0.8509,0.8542,0.6567569455420557
0,273.51,272.684,0.8484,0.8505,0.6181492150734452
0,273.433,272.365,0.917,0.9209,1.1649979860604796
0,273.8,272.893,0.9094,0.9121,0.5809525679003533
0,271.46,270.527,0.9638,0.9673,0.6475728714698701
0,271.46,270.343,0.8586,0.8627,0.31135754819433753
0,271.46,270.221,0.9185,0.9245,0.8693572218851499
0,271.46,270.215,0.9251,0.9312,0.3368917010396007
0,271.46,270.569,0.9651,0.9681,0.5955353765047187
0,271.46,270.502,0.8618,0.8648,0.3384042460983108
0,271.46,270.172,0.9119,0.9183,0.9217107269047025
0,271.46,270.213,0.9215,0.9276,0.4049472041930732
0,271.46,270.547,0.9628,0.966,0.49109410451071467
0,271.46,270.554,0.8565,0.8595,0.36407942569582885
0,271.46,270.152,0.9068,0.9135,0.9818771445906606
0,271.46,270.21,0.9191,0.9252,0.43103587871495364
0,271.46,270.515,0.9596,0.9631,0.3879776988064222
0,271.46,270.594,0.8398,0.8426,0.38304359796668586
0,271.46,270.172,0.8995,0.9059,0.9985069315209577
0,271.46,270.208,0.9165,0.9226,0.4583012547608001
0,271.46,270.537,0.9607,0.964,0.3416137009070376
0,271.46,270.643,0.8338,0.8361,0.3881753198084973
0,271.46,270.224,0.8961,0.9018,1.0015915730652158
0,271.46,270.181,0.9117,0.918,0.45166835769605324
0,271.46,270.503,0.9573,0.9609,0.35714148052596967
0,271.46,270.742,0.8301,0.8313,0.36889248622108467
0,271.46,270.273,0.8898,0.8949,1.0627567008101644
0,271.46,270.178,0.9066,0.913,0.4559583038040514
0,271.46,270.453,0.9509,0.9547,0.34989899710910455
0,271.46,270.804,0.8327,0.8332,0.35875778170935035
0,271.46,270.361,0.8821,0.8861,1.1624747492772762
0,271.46,270.185,0.9031,0.9093,0.45390102634436846
0,271.46,270.287,0.9287,0.9341,0.3126485599057783
0,271.46,270.823,0.8331,0.8334,0.3336587417721648
0,271.46,270.445,0.8718,0.875,1.1948163236171374
0,271.46,270.208,0.9004,0.9063,0.5123674751316709
0,271.46,270.18,0.8997,0.9059,0.28857285617412676
0,271.46,270.799,0.8311,0.8317,0.3218899420291333
0,271.46,270.504,0.8715,0.8746,1.2069853619737627
0,271.46,270.23,0.8977,0.9034,0.5653578439120392
0,271.46,270.248,0.8836,0.8889,0.2663239230522146
0,271.46,270.778,0.8279,0.8287,0.33401691709197323
0,271.46,270.47,0.8813,0.8845,1.2011747640631614
0,271.46,270.253,0.8958,0.9012,0.5662373491457329
0,271.46,270.376,0.8612,0.8649,0.25607980299082767
0,271.46,270.779,0.8291,0.8299,0.34854404919111015
0,271.46,270.431,0.8928,0.8963,1.1886022749868714
0,271.46,270.286,0.8958,0.9008,0.5210040125832981
0,271.46,270.54,0.8495,0.8526,0.2500889702395823
0,271.46,270.804,0.8285,0.8291,0.38803500685759157
0,271.46,270.427,0.9016,0.9051,1.0624417104719757
0,271.46,270.316,0.8966,0.9013,0.4202279575594113
0,271.46,270.632,0.8527,0.8551,0.2588126424416085
0,271.46,270.831,0.8339,0.8341,0.4318203973834082
0,271.46,270.435,0.9077,0.9112,0.8113276705092973
0,271.46,270.38,0.899,0.903,0.3106479276817262
0,271.46,270.679,0.861,0.8629,0.29025176793298424
0,271.46,270.847,0.8386,0.8387,0.46444754324871396
0,271.46,270.446,0.911,0.9144,0.7572880647315852
0,271.46,270.512,0.9055,0.9087,0.2619212983026824
0,271.487,270.719,0.8704,0.8721,0.3380713597405842
0,271.7,271.069,0.8466,0.8465,0.4926505993382042
0,271.46,270.461,0.9127,0.9161,0.7918143810577517
0,271.46,270.613,0.9101,0.9127,0.25960526785395627
0,272.072,271.217,0.8746,0.8764,0.36929129723198034
0,272.29,271.602,0.8509,0.852,0.520878995375587
0,271.529,270.534,0.9128,0.9169,0.8348117348941789
0,271.461,270.658,0.9096,0.9117,0.2687597701559656
0,272.507,271.581,0.8756,0.8789,0.36844748206574107
0,272.56,271.853,0.8587,0.8595,0.5393846012654678
0,272.4,271.368,0.9137,0.9173,0.9003511902637497
0,271.525,270.739,0.9063,0.9081,0.28274517801695787
0,272.264,271.368,0.8716,0.8736,0.36570954403389544
0,272.29,271.601,0.8627,0.8638,0.5503081072537512
0,272.4,271.387,0.9137,0.9171,1.0175331535233745
0,271.989,271.182,0.904,0.9056,0.36755625009559834
0,272.522,271.622,0.8644,0.8674,0.3783795179801461
0,272.622,271.872,0.8629,0.8641,0.5589266467142194
0,272.734,271.718,0.9134,0.9174,1.1257071986866056
0,272.835,271.971,0.9043,0.9065,0.4839785247765547
0,272.971,272.028,0.8596,0.8623,0.4061145243278796
0,273.146,272.315,0.8604,0.8617,0.5806555245675129
0,273.099,272.077,0.9134,0.9171,1.1693593632891968
0,273.384,272.486,0.907,0.9093,0.5982509827515001
0,272.983,272.028,0.8535,0.8563,0.4669265753340846
0,273.18,272.347,0.856,0.8572,0.604325687161263
0,273.001,272.0,0.9132,0.9168,1.1779655641834876
0,273.351,272.458,0.9116,0.9137,0.6889458173790233
0,271.46,270.506,0.9633,0.9669,0.570410537747345
0,271.46,270.357,0.8632,0.8671,0.30662122131410824
0,271.46,270.236,0.9149,0.9207,0.883946811602331
0,271.46,270.205,0.9234,0.9296,0.3566033252945705
0,271.46,270.52,0.9612,0.9648,0.3636543060066384
0,271.46,270.532,0.8573,0.8603,0.32839318217740004
0,271.46,270.177,0.8879,0.8941,0.927529584516629
0,271.46,270.212,0.9234,0.9296,0.4467784615541495
0,271.46,270.501,0.9553,0.9589,0.34612859641161864
0,271.46,270.734,0.8516,0.8529,0.3417450913410799
0,271.46,270.444,0.8827,0.8859,1.1049543422065642
0,271.46,270.176,0.914,0.9204,0.4570532240877365
0,271.46,270.389,0.9436,0.948,0.2975580345989711
0,271.46,270.806,0.8367,0.8372,0.316684290761881
0,271.46,270.425,0.8685,0.8717,1.175619401120668
0,271.46,270.205,0.9109,0.917,0.48411623745111737
0,271.46,270.193,0.9094,0.9157,0.2661441470838665
0,271.46,270.841,0.8429,0.843,0.3359378075081704
0,271.46,270.573,0.8706,0.8736,1.2065856332182754
0,271.46,270.23,0.908,0.9137,0.5134479154451317
0,271.46,270.235,0.892,0.8975,0.25332789484686413
0,271.46,270.833,0.8448,0.845,0.3661443510271092
0,271.46,270.621,0.8738,0.8763,1.202388226356605
0,271.46,270.257,0.9055,0.9109,0.5617722667781557
0,271.46,270.333,0.8701,0.8744,0.24777676372665486
0,271.46,270.821,0.8517,0.852,0.43198232831802913
0,271.46,270.576,0.8788,0.8818,1.1992307770747401
0,271.46,270.298,0.9046,0.9096,0.552980987391209
0,271.46,270.489,0.8477,0.8508,0.24171200154996866
0,271.46,270.826,0.8589,0.8592,0.49184334099820026
0,271.46,270.561,0.8921,0.8952,1.1259323010406204
0,271.46,270.39,0.9094,0.9135,0.48121718425762117
0,271.46,270.564,0.8429,0.8459,0.24511785370131495
0,271.46,270.841,0.8631,0.8633,0.5128878363151534
0,271.46,270.552,0.8996,0.9028,0.8521076514406041
0,271.46,270.548,0.9205,0.9238,0.35902453947066537
0,271.46,270.63,0.8428,0.8453,0.2646747360209654
0,271.46,270.859,0.8649,0.8648,0.5191874391356885
0,271.46,270.55,0.9045,0.9077,0.7062946062110915
0,271.46,270.606,0.9156,0.9182,0.2694093293836325
0,271.461,270.704,0.8491,0.8508,0.29240336914236764
0,271.77,271.146,0.8669,0.8666,0.5308400422162513
0,271.46,270.566,0.9088,0.9118,0.7336915766342227
0,271.46,270.634,0.9117,0.914,0.25178990786864014
0,271.82,271.078,0.8583,0.8592,0.31659486165000283
0,272.052,271.401,0.8665,0.8661,0.5442292220075153
0,271.46,270.581,0.9117,0.9146,0.7927073975312671
0,271.46,270.662,0.9102,0.9122,0.2999924031142134
0,272.729,271.911,0.8673,0.8691,0.33245909663340695
0,272.311,271.639,0.8647,0.8655,0.5657885210545905
0,271.479,270.607,0.9126,0.9154,0.8690917897549111
0,271.46,270.688,0.9076,0.9093,0.38977331708585505
0,273.321,272.426,0.8684,0.8701,0.3459232255663249
0,272.683,271.977,0.8606,0.8612,0.5959495852304304
0,272.526,271.585,0.9124,0.9158,0.9929579927906067
0,271.659,270.882,0.9031,0.9047,0.5057545645046984
0,272.828,271.983,0.8635,0.8655,0.36743413907909434
0,272.699,272.005,0.8582,0.8587,0.629301086507625
0,272.763,271.813,0.9113,0.9146,1.13744479511352
0,272.955,272.084,0.9058,0.908,0.6628928329245972
0,272.647,271.826,0.8577,0.8596,0.37814243396062885
0,272.625,271.972,0.8583,0.8585,0.6194404307281285
0,272.773,271.825,0.91,0.9132,1.1934157433986123
0,272.856,271.997,0.9114,0.9136,0.7578008800150918
0,272.69,271.864,0.8519,0.8538,0.3834959440787629
0,272.862,272.213,0.8591,0.8588,0.6080464276791768
0,273.026,272.064,0.9086,0.9117,1.1799874065047697
0,273.059,272.19,0.9201,0.9222,0.794796184221931
0,271.46,270.454,0.9513,0.9551,0.2912676602101635
0,271.46,270.795,0.8213,0.8219,0.33330566503342124
0,271.46,270.436,0.8705,0.8737,1.1713416916072255
0,271.46,270.249,0.9217,0.9274,0.5189117588575098
0,271.46,270.235,0.9218,0.9277,0.2561654591527178
0,271.46,270.925,0.8287,0.8279,0.361174509134108
0,271.46,270.545,0.8711,0.8742,1.2096274466815884
0,271.46,270.28,0.92,0.9254,0.5177873177894592
0,271.46,270.213,0.8994,0.9052,0.24744311258176852
0,271.46,270.931,0.8433,0.8424,0.4565472918886674
0,271.46,270.61,0.8693,0.8719,1.2091507293520216
0,271.46,270.317,0.919,0.9239,0.5641163394227386
0,271.46,270.294,0.8823,0.8871,0.244465541239873
0,271.46,270.944,0.8461,0.8451,0.5090473811138361
0,271.46,270.671,0.8732,0.8752,1.197736280993
0,271.46,270.394,0.9207,0.9248,0.5698139527769422
0,271.46,270.43,0.8541,0.8572,0.24335119536233069
0,271.46,270.969,0.8431,0.8419,0.5350933295263928
0,271.46,270.677,0.8756,0.8775,1.1762053300566455
0,271.46,270.51,0.9244,0.9278,0.46019955846287985
0,271.46,270.538,0.8415,0.8445,0.24414275007265474
0,271.46,271.004,0.8413,0.8397,0.5501699866927034
0,271.46,270.658,0.8819,0.884,0.9999840924270774
0,271.46,270.598,0.9293,0.932,0.3008382577128785
0,271.46,270.564,0.8383,0.8413,0.24974863995350094
0,271.464,271.026,0.8416,0.8398,0.5577429601341948
0,271.46,270.643,0.8894,0.8917,0.7591255933473715
0,271.46,270.619,0.9248,0.9273,0.2713850295462773
0,271.46,270.6,0.8336,0.8363,0.26228477614679835
0,271.736,271.273,0.8431,0.841,0.5651359536640953
0,271.46,270.641,0.8941,0.8963,0.7085808099605878
0,271.46,270.62,0.9133,0.9158,0.34192644786955795
0,271.501,270.7,0.8343,0.8363,0.28232857295814584
0,272.085,271.584,0.8442,0.8436,0.5779537354754172
0,271.46,270.64,0.8969,0.8992,0.7622382770874865
0,271.46,270.651,0.9092,0.9113,0.4266220370870787
0,271.894,271.116,0.8394,0.8405,0.31115849958956426
0,272.121,271.627,0.8449,0.8442,0.5788970239582324
0,271.492,270.671,0.8988,0.9011,0.8202499324438011
0,271.46,270.678,0.9058,0.9076,0.56637541872097
0,272.659,271.842,0.8466,0.8484,0.3460162746707592
0,272.4,271.894,0.8455,0.8445,0.5877672803658742
0,272.264,271.373,0.8981,0.9002,0.917342874478033
0,271.5,270.726,0.905,0.9067,0.7186776830008208
0,272.869,272.066,0.8492,0.8506,0.35801068662591207
0,272.77,272.22,0.8412,0.8399,0.6131283873697951
0,273.107,272.142,0.8969,0.8999,1.0892660082698986
0,273.001,272.122,0.912,0.9143,0.7931730509399235
0,272.989,272.207,0.8503,0.8512,0.3726168467315546
0,272.893,272.33,0.8351,0.8338,0.6194850433124461
0,273.223,272.227,0.8926,0.8957,1.1946496000163154
0,273.008,272.127,0.9173,0.9196,0.7788014255632658
0,273.198,272.388,0.8465,0.8474,0.38743587259665635
0,272.843,272.304,0.8323,0.8308,0.6261234468447432
0,273.244,272.204,0.8861,0.8897,1.2063162241948069
0,273.297,272.398,0.9233,0.9256,0.6779175865356669
0,271.46,270.407,0.9524,0.9567,0.2635704343481209
0,271.46,270.586,0.9676,0.9705,0.23305512075989254
0,271.46,270.538,0.9648,0.9682,0.25381853130273846
0,271.46,270.303,0.9203,0.9254,0.12606833118343164
0,271.46,270.397,0.9496,0.954,0.274264708131727
0,271.46,270.592,0.9675,0.9702,0.24653576909546074
0,271.46,270.538,0.9646,0.9679,0.2520690551819429
0,271.46,270.279,0.9163,0.9216,0.12962433654713892
0,271.46,270.357,0.943,0.9477,0.28317575318788785
0,271.46,270.6,0.9671,0.9698,0.27202546231383806
0,271.46,270.54,0.9645,0.9678,0.23182896299959727
0,271.46,270.264,0.9137,0.9192,0.13042863771012528
0,271.46,270.287,0.9277,0.933,0.2837289492334284
0,271.46,270.608,0.9665,0.9691,0.29407682541948577
0,271.46,270.533,0.9639,0.9672,0.21714821065297532
0,271.46,270.268,0.9131,0.9185,0.13208210754946897
0,271.46,270.252,0.9131,0.9187,0.28349951308550836
0,271.46,270.6,0.9648,0.9675,0.3207526015509884
0,271.46,270.521,0.963,0.9665,0.21666766938760945
0,271.46,270.291,0.9153,0.9205,0.1326564627064288
0,271.46,270.254,0.9009,0.9064,0.2774640677499452
0,271.46,270.593,0.9632,0.9659,0.386020812407907
0,271.46,270.521,0.963,0.9665,0.22220982700514452
0,271.46,270.333,0.922,0.9268,0.1317527392126771
0,271.46,270.293,0.893,0.8979,0.2720876140170191
0,271.46,270.596,0.9629,0.9656,0.45907052867187065
0,271.46,270.53,0.9635,0.9669,0.2909616433746488
0,271.46,270.367,0.9271,0.9315,0.1313382245721016
0,271.46,270.348,0.883,0.8872,0.2785742837768249
0,271.46,270.576,0.9605,0.9634,0.5219982358909516
0,271.46,270.543,0.9641,0.9674,0.40082495041629923
0,271.46,270.419,0.9348,0.9387,0.12970769834754986
0,271.46,270.472,0.8858,0.889,0.2794841255678545
0,271.46,270.52,0.9544,0.9579,0.5800226376999282
0,271.46,270.549,0.9644,0.9676,0.515954428882442
0,271.46,270.456,0.9401,0.9437,0.1484908709906033
0,271.46,270.598,0.8783,0.881,0.28011038428005486
0,271.46,270.472,0.9489,0.9524,0.6354926503953949
0,271.46,270.548,0.9644,0.9676,0.6267437912029082
0,271.46,270.494,0.9458,0.9493,0.19937725930873437
0,271.46,270.656,0.8733,0.8754,0.30544523359149145
0,271.466,270.446,0.9446,0.9484,0.7102486577985347
0,271.46,270.534,0.9636,0.967,0.7590759331677995
0,271.46,270.532,0.9505,0.9539,0.24829335196014957
0,271.52,270.729,0.886,0.8879,0.33111149067214596
0,271.67,270.585,0.9345,0.9395,0.8016091121840793
0,271.46,270.524,0.9629,0.9664,0.9187657864816222
0,271.46,270.553,0.952,0.9552,0.2963041405576828
0,271.784,270.972,0.8925,0.8943,0.3913078880147655
0,271.735,270.546,0.9056,0.9115,0.911773235508558
0,271.461,270.521,0.9624,0.9659,1.0833849479689803
0,271.46,270.577,0.9534,0.9563,0.3415362024748513
0,272.022,271.21,0.8931,0.8946,0.5589466841378045
0,271.475,270.415,0.9011,0.9049,1.0520785385427236
0,271.543,270.591,0.9607,0.9643,1.1323427979993168
0,271.502,270.639,0.9528,0.9555,0.4263854629256679
0,272.31,271.487,0.8878,0.8895,0.6524047457592552
0,271.926,270.921,0.895,0.8987,1.1574799753228677
0,272.062,271.094,0.9584,0.9619,1.1581830696517161
0,271.866,271.016,0.9513,0.9537,0.5656606996272937
0,272.649,271.797,0.8784,0.8807,0.7113134964539369
0,272.31,271.326,0.8981,0.9012,1.257447854262159
0,272.317,271.337,0.9559,0.9594,1.1731270107529077
0,272.54,271.641,0.9478,0.9508,0.7339813289961404
0,273.484,272.524,0.8684,0.8716,0.7312060693508997
0,273.017,272.006,0.9033,0.907,1.3296147002289262
0,273.385,272.374,0.9534,0.9571,1.1974548903040285
0,273.303,272.35,0.9457,0.9488,0.9199253057873994
0,273.625,272.616,0.8648,0.8687,0.7588161604625434
0,273.087,272.081,0.9033,0.9068,1.3742461492966507
0,273.678,272.664,0.9513,0.9553,1.2414549820784877
0,273.801,272.821,0.9445,0.948,1.160873794822901
0,271.46,270.427,0.9542,0.9583,0.256693723136851
0,271.46,270.586,0.9678,0.9706,0.19982027501746263
0,271.46,270.534,0.9648,0.9682,0.25450046652016745
0,271.46,270.283,0.9173,0.9226,0.12418338576374195
0,271.46,270.43,0.9529,0.9569,0.25598247107829897
0,271.46,270.594,0.9676,0.9703,0.2311189346005007
0,271.46,270.546,0.9653,0.9685,0.2451273370620956
0,271.46,270.306,0.9193,0.9244,0.12291332922047796
0,271.46,270.411,0.9488,0.953,0.2746547495831911
0,271.46,270.591,0.9665,0.9693,0.245565101232327
0,271.46,270.553,0.9654,0.9685,0.2293140878893404
0,271.46,270.301,0.9181,0.9232,0.12194714810868137
0,271.46,270.388,0.9422,0.9466,0.289263458979366
0,271.46,270.596,0.9656,0.9683,0.2628199742011798
0,271.46,270.554,0.9653,0.9684,0.222487699673181
0,271.46,270.291,0.9156,0.9208,0.11807120678315224
0,271.46,270.331,0.9276,0.9325,0.28774408182202893
0,271.46,270.582,0.9633,0.9661,0.2756722224205004
0,271.46,270.548,0.9647,0.9679,0.2237942110710589
0,271.46,270.309,0.9178,0.9228,0.1176301795210393
0,271.46,270.258,0.9076,0.9131,0.2820387696104174
0,271.46,270.592,0.963,0.9658,0.29493466168365345
0,271.46,270.55,0.9648,0.968,0.27404072746554636
0,271.46,270.336,0.9216,0.9264,0.11879214614572767
0,271.46,270.241,0.8933,0.8988,0.28114906721459415
0,271.46,270.587,0.9623,0.9651,0.35474081363156634
0,271.46,270.558,0.9652,0.9683,0.3732577893572219
0,271.46,270.358,0.9246,0.9292,0.1190812356921069
0,271.46,270.271,0.8834,0.8884,0.2758235992923169
0,271.46,270.56,0.9592,0.9623,0.42144529477446424
0,271.46,270.563,0.9653,0.9684,0.48567997226371906
0,271.46,270.393,0.9302,0.9345,0.13400707683051807
0,271.46,270.357,0.8751,0.8792,0.27523726246985464
0,271.46,270.508,0.9533,0.9568,0.47565850723743586
0,271.46,270.565,0.9653,0.9683,0.5999292826806301
0,271.46,270.499,0.9471,0.9506,0.17874075244859358
0,271.46,270.494,0.8683,0.8715,0.26745086242498717
0,271.46,270.475,0.9494,0.9529,0.5354610391927925
0,271.46,270.565,0.9652,0.9682,0.7232637037112571
0,271.46,270.531,0.9515,0.9549,0.22956723243921226
0,271.46,270.623,0.8742,0.8767,0.28506238113932897
0,271.5,270.486,0.9458,0.9497,0.5979817266854635
0,271.46,270.557,0.9647,0.9678,0.8874278168385737
0,271.46,270.548,0.9534,0.9566,0.27087976016274673
0,271.578,270.799,0.876,0.8777,0.3121830084687432
0,271.776,270.719,0.9402,0.9448,0.6733364604630533
0,271.46,270.55,0.964,0.9672,1.0734429188356882
0,271.46,270.558,0.9536,0.9568,0.3060258600031612
0,271.898,271.118,0.8766,0.8778,0.3358722907414867
0,271.796,270.627,0.9114,0.9171,0.7613640743781005
0,271.535,270.616,0.9632,0.9664,1.1234944654902541
0,271.463,270.573,0.9538,0.9568,0.3636001590757292
0,272.348,271.541,0.8776,0.8796,0.441198778379977
0,272.013,270.913,0.9044,0.9091,0.8492238430044919
0,271.672,270.744,0.9615,0.9648,1.1490712934590301
0,271.811,270.926,0.9526,0.9554,0.46846644878730254
0,272.879,272.015,0.8765,0.8786,0.6079657171409197
0,272.486,271.43,0.8991,0.9027,0.9410582105000179
0,273.202,272.223,0.9585,0.962,1.1574628950763004
0,272.747,271.868,0.9523,0.9549,0.6345998888509328
0,273.393,272.463,0.8773,0.8797,0.6715802542152518
0,272.759,271.754,0.9015,0.9053,1.0653052775412601
0,273.587,272.582,0.9554,0.9594,1.1727076524603202
0,273.416,272.506,0.9489,0.9518,0.8217342823492222
0,273.543,272.567,0.8658,0.8695,0.6979735179699491
0,273.075,272.092,0.9063,0.9096,1.1728063100039257
0,273.703,272.674,0.952,0.9561,1.2005573768820137
0,273.664,272.71,0.9457,0.9491,1.0259334737142651
0,273.902,272.841,0.8606,0.8647,0.7116568349028466
0,273.373,272.396,0.9097,0.9126,1.2588680640177838
0,274.177,273.116,0.9488,0.9529,1.2488269184685905
0,273.907,272.914,0.9427,0.9463,1.1409498146665784
0,271.46,270.433,0.9549,0.9589,0.27520029775713417
0,271.46,270.59,0.9681,0.9708,0.17496724161665805
0,271.46,270.5,0.963,0.9665,0.25394727047462695
0,271.46,270.285,0.919,0.9243,0.11976724977438777
0,271.46,270.443,0.9544,0.9583,0.2551220855235988
0,271.46,270.595,0.9677,0.9704,0.20062049731559708
0,271.46,270.516,0.9637,0.9673,0.23888667383867065
0,271.46,270.29,0.9171,0.9223,0.11522721826515683
0,271.46,270.444,0.9526,0.9565,0.25853303625601
0,271.46,270.583,0.966,0.9688,0.22136279973283438
0,271.46,270.53,0.9643,0.9677,0.23012986085972273
0,271.46,270.298,0.9168,0.9219,0.11465107860482429
0,271.46,270.436,0.9484,0.9523,0.27233107126286754
0,271.46,270.578,0.9643,0.9672,0.23626783866050077
0,271.46,270.541,0.9647,0.968,0.22790876599042492
0,271.46,270.314,0.9172,0.9221,0.10729280641197554
0,271.46,270.408,0.9415,0.9457,0.2838627869863816
0,271.46,270.573,0.9624,0.9653,0.24894163654255022
0,271.46,270.548,0.9648,0.968,0.25712745942804116
0,271.46,270.329,0.9176,0.9224,0.10311069529349981
0,271.46,270.317,0.9235,0.9285,0.28653699275491634
0,271.46,270.59,0.9629,0.9656,0.2588660245853579
0,271.46,270.559,0.9653,0.9684,0.3381808262760474
0,271.46,270.343,0.9196,0.9243,0.10368632509572587
0,271.46,270.244,0.9025,0.908,0.2824147899639531
0,271.46,270.578,0.9615,0.9644,0.2748702666048039
0,271.46,270.57,0.9659,0.9688,0.4420972503352318
0,271.46,270.352,0.9218,0.9264,0.11516807472480409
0,271.46,270.24,0.8867,0.8922,0.28609469084753714
0,271.46,270.546,0.958,0.9612,0.3286931826872582
0,271.46,270.574,0.9659,0.9689,0.5554002131206885
0,271.46,270.358,0.9236,0.9281,0.15811933738840483
0,271.46,270.314,0.8766,0.8811,0.28881921961118223
0,271.46,270.501,0.9527,0.9562,0.38499808803210067
0,271.46,270.574,0.9657,0.9687,0.6774519331270108
0,271.46,270.431,0.9356,0.9395,0.20852645908643624
0,271.46,270.475,0.8677,0.8708,0.27714708896514106
0,271.476,270.496,0.9498,0.9534,0.4271404098239461
0,271.46,270.576,0.9656,0.9685,0.8274659542249392
0,271.46,270.554,0.9532,0.9564,0.24245114284694566
0,271.486,270.655,0.8723,0.8747,0.2745238690072553
0,271.692,270.683,0.9472,0.9513,0.4837288982476176
0,271.46,270.576,0.9654,0.9683,1.0314295911447844
0,271.46,270.575,0.956,0.959,0.2660118898910434
0,271.753,270.963,0.8802,0.8818,0.2921866284612992
0,271.731,270.708,0.9433,0.9476,0.5482491472623169
0,271.46,270.573,0.9648,0.9677,1.1016508695630007
0,271.46,270.569,0.9549,0.9579,0.3066640493950533
0,271.86,271.075,0.8799,0.8813,0.3202925565815034
0,271.716,270.586,0.9162,0.9216,0.6277047717620187
0,271.61,270.709,0.9636,0.9666,1.129087608918438
0,271.58,270.677,0.9532,0.9562,0.37210841622776386
0,271.961,271.144,0.872,0.8735,0.35101762579474133
0,271.861,270.793,0.9081,0.9126,0.721300699015464
0,272.062,271.125,0.9608,0.964,1.1487796036363078
0,271.94,271.042,0.9536,0.9564,0.4828737642314144
0,272.412,271.519,0.8629,0.8655,0.5142790351445193
0,272.062,271.052,0.9009,0.9045,0.7763689435230176
0,272.197,271.217,0.9564,0.96,1.146516241529982
0,272.261,271.372,0.9516,0.9541,0.6698259344424446
0,272.969,272.012,0.8562,0.8591,0.6198849250253654
0,272.43,271.465,0.9061,0.909,0.8251022010574458
0,272.279,271.255,0.9514,0.9553,1.1435195505090934
0,272.872,271.987,0.9498,0.9524,0.8790461574543803
0,273.527,272.501,0.8551,0.8585,0.6725853884863843
0,272.761,271.805,0.911,0.9144,0.896937384325942
0,272.992,271.888,0.9448,0.9496,1.1665982776993162
0,273.494,272.582,0.9491,0.9521,1.0747804805922514
0,274.117,272.984,0.8531,0.8575,0.6870972248423264
0,273.181,272.223,0.9128,0.9157,1.0285205447324008
0,273.365,272.167,0.9344,0.9399,1.2195253730886695
0,273.827,272.88,0.9471,0.9503,1.1568995018686299
0,271.46,270.432,0.9552,0.9592,0.30021776039728143
0,271.46,270.588,0.9679,0.9707,0.17051556851728167
0,271.46,270.45,0.9606,0.9645,0.24891752025411332
0,271.46,270.282,0.921,0.9264,0.11208751204539776
0,271.46,270.446,0.9549,0.9588,0.27185052999750164
0,271.46,270.585,0.9668,0.9696,0.18174707978769508
0,271.46,270.481,0.9621,0.9657,0.23457964748410517
0,271.46,270.287,0.9201,0.9254,0.10714596727730671
0,271.46,270.456,0.9543,0.9581,0.260911524322781
0,271.46,270.576,0.9652,0.9681,0.19812474188433363
0,271.46,270.503,0.9631,0.9667,0.23359047177170594
0,271.46,270.281,0.9171,0.9225,0.10994636292719737
0,271.46,270.468,0.9527,0.9564,0.25731320073623515
0,271.46,270.57,0.9633,0.9663,0.21321526719114076
0,271.46,270.518,0.9636,0.9671,0.2472266268297533
0,271.46,270.286,0.9149,0.9201,0.10249249233938196
0,271.46,270.454,0.948,0.9517,0.25476136091325785
0,271.46,270.565,0.9616,0.9646,0.22501399560502316
0,271.46,270.533,0.964,0.9674,0.30516368994508825
0,271.46,270.3,0.9147,0.9198,0.09630918815293706
0,271.46,270.409,0.9399,0.944,0.27041273013720285
0,271.46,270.583,0.9623,0.9651,0.23373001993545195
0,271.46,270.548,0.9646,0.9679,0.38842601703945795
0,271.46,270.321,0.9169,0.9218,0.10186919080419918
0,271.46,270.317,0.9198,0.9247,0.2740378212743394
0,271.46,270.568,0.9605,0.9636,0.24558911554914267
0,271.46,270.564,0.9653,0.9684,0.4959000270224796
0,271.46,270.332,0.9191,0.9239,0.1359739054621099
0,271.46,270.237,0.8949,0.9005,0.2829284720062407
0,271.46,270.534,0.9569,0.9602,0.2654236156077764
0,271.46,270.57,0.9655,0.9685,0.6142900990654301
0,271.46,270.347,0.9222,0.9268,0.19089556576404793
0,271.46,270.254,0.8793,0.8846,0.2912933060729199
0,271.46,270.505,0.9531,0.9566,0.30131890094986574
0,271.46,270.578,0.9657,0.9686,0.7467709666399841
0,271.46,270.372,0.9269,0.9313,0.2268201679472603
0,271.46,270.33,0.8627,0.8669,0.2890662968495868
0,271.636,270.65,0.9502,0.9541,0.34638780827295773
0,271.46,270.582,0.9656,0.9684,0.9389269526290832
0,271.46,270.431,0.9363,0.9402,0.24341095073241115
0,271.541,270.528,0.8474,0.8512,0.27766459494322726
0,271.811,270.813,0.949,0.953,0.3837826882778524
0,271.46,270.576,0.9648,0.9678,1.0716746799365737
0,271.46,270.556,0.9536,0.9567,0.26994279392045195
0,271.864,270.922,0.8484,0.8514,0.28452728505656877
0,271.739,270.746,0.9456,0.9495,0.4331438360704216
0,271.46,270.558,0.9633,0.9664,1.1023101160946909
0,271.46,270.57,0.9555,0.9585,0.3123043546980875
0,272.038,271.094,0.8372,0.8398,0.30995645811770584
0,271.825,270.739,0.9207,0.9255,0.4996730279963087
0,271.559,270.628,0.9611,0.9645,1.1303354866340698
0,271.59,270.677,0.9527,0.9559,0.3818581778690989
0,272.374,271.436,0.8403,0.8425,0.3410728434276742
0,272.072,271.035,0.9141,0.9181,0.5777539730692948
0,272.253,271.263,0.9576,0.9612,1.1514002743036615
0,272.039,271.123,0.9529,0.9559,0.5023707382235524
0,272.774,271.868,0.8529,0.8556,0.4246140119204826
0,272.271,271.289,0.9086,0.9118,0.6455676505228596
0,272.478,271.405,0.9498,0.9541,1.153394890202057
0,272.229,271.328,0.9531,0.9557,0.6669184685901914
0,273.248,272.307,0.8617,0.864,0.5529614598257306
0,272.752,271.778,0.9058,0.9093,0.7055290032783877
0,272.756,271.566,0.9358,0.9417,1.136428698893098
0,272.594,271.711,0.952,0.9548,0.8968948111740505
0,274.256,273.15,0.856,0.8599,0.6161787664492973
0,273.474,272.49,0.9118,0.9151,0.7420106254429395
0,273.276,271.917,0.9125,0.9196,1.145683898171139
0,273.341,272.447,0.9517,0.9541,1.0870170751479864
0,274.249,273.072,0.8489,0.8535,0.663161936033202
0,273.726,272.773,0.9171,0.9204,0.7879960027124452
0,273.631,272.228,0.9011,0.9083,1.1973745876522566
0,274.226,273.291,0.9505,0.9533,1.155656773719874
0,271.46,270.457,0.9579,0.9617,0.2965733966237196
0,271.46,270.571,0.9674,0.9704,0.16062304660612953
0,271.46,270.415,0.9597,0.964,0.25238073144243955
0,271.46,270.375,0.9406,0.9451,0.10703701059995004
0,271.46,270.432,0.9553,0.9594,0.27842627196851116
0,271.46,270.545,0.9652,0.9685,0.19375617565631487
0,271.46,270.423,0.9592,0.9633,0.2388618437488847
0,271.46,270.252,0.9211,0.9268,0.11054279494016814
0,271.46,270.442,0.9547,0.9587,0.26954087277510663
0,271.46,270.543,0.9638,0.9671,0.20373598527529788
0,271.46,270.46,0.9612,0.965,0.2348224419144152
0,271.46,270.252,0.9199,0.9256,0.10709564428219627
0,271.46,270.47,0.9553,0.9589,0.26340982904457694
0,271.46,270.563,0.9637,0.9668,0.1974124701095685
0,271.46,270.489,0.9625,0.966,0.24198018691398185
0,271.46,270.28,0.9218,0.9272,0.11079848878057237
0,271.46,270.496,0.9556,0.9592,0.2559901189498962
0,271.46,270.56,0.962,0.9651,0.19975373853456582
0,271.46,270.507,0.9631,0.9667,0.277920084840389
0,271.46,270.323,0.925,0.9299,0.10659628925270097
0,271.46,270.494,0.9529,0.9564,0.24952894209541485
0,271.46,270.569,0.9614,0.9645,0.20633916780959863
0,271.46,270.524,0.9637,0.9671,0.34002391234519436
0,271.46,270.361,0.928,0.9326,0.10434205360648133
0,271.46,270.461,0.947,0.9506,0.2601146670881494
0,271.46,270.574,0.9613,0.9643,0.21503989639683282
0,271.46,270.543,0.9643,0.9676,0.42578586979243677
0,271.46,270.377,0.9298,0.9342,0.12040258396088369
0,271.46,270.417,0.9378,0.9419,0.2712996792992511
0,271.46,270.56,0.9596,0.9627,0.2245103067816227
0,271.46,270.561,0.9649,0.968,0.533549224250891
0,271.46,270.365,0.9287,0.9332,0.1670319630046958
0,271.46,270.302,0.9099,0.9149,0.27775575757266757
0,271.46,270.529,0.9563,0.9597,0.2317959241942967
0,271.46,270.574,0.9653,0.9683,0.6547116497478752
0,271.46,270.356,0.9282,0.9329,0.20914343838109856
0,271.46,270.283,0.89,0.895,0.2782573049920207
0,271.464,270.515,0.9536,0.9571,0.2471681461049391
0,271.46,270.579,0.9654,0.9683,0.8063784778696089
0,271.46,270.363,0.9298,0.9343,0.22562460167335435
0,271.46,270.317,0.8692,0.8736,0.28153951655254345
0,271.748,270.771,0.951,0.9548,0.27408992877282257
0,271.46,270.569,0.9645,0.9675,0.9978244864454224
0,271.46,270.377,0.9319,0.9363,0.24462176176370115
0,271.526,270.461,0.8504,0.8541,0.2830423233214197
0,271.859,270.894,0.9512,0.9548,0.30575527830604743
0,271.46,270.545,0.9626,0.9659,1.0657934666782234
0,271.46,270.457,0.9429,0.9466,0.27289232306649064
0,271.79,270.774,0.832,0.8359,0.2818084667037164
0,271.838,270.883,0.9475,0.951,0.338047141480526
0,271.46,270.516,0.9601,0.9637,1.103932739518592
0,271.46,270.528,0.9512,0.9547,0.317814646183967
0,272.087,271.15,0.829,0.8314,0.3046257386569318
0,271.862,270.803,0.9215,0.926,0.37948290190839884
0,271.464,270.469,0.9554,0.959,1.1319300678621138
0,271.548,270.627,0.9533,0.9566,0.42528784039401835
0,272.428,271.579,0.832,0.8346,0.35501476039218294
0,272.049,271.035,0.9161,0.9199,0.44025034033028615
0,272.066,270.951,0.9444,0.9495,1.1528928839104078
0,272.137,271.195,0.952,0.9552,0.5390027685295183
0,273.017,272.143,0.8454,0.8473,0.38818934090642576
0,272.486,271.501,0.9128,0.9163,0.5207097734700433
0,272.797,271.446,0.9165,0.9232,1.1545713877827801
0,272.848,271.91,0.9531,0.9563,0.6656193501348574
0,273.907,272.892,0.852,0.8555,0.4714083810475545
0,273.02,272.035,0.9108,0.9142,0.5794413484727202
0,273.345,271.922,0.899,0.9066,1.138597533306481
0,273.631,272.701,0.9538,0.9569,0.848505452932449
0,274.133,273.1,0.8533,0.8566,0.5560601224679173
0,273.446,272.464,0.9123,0.9153,0.6458947244981722
0,273.764,272.344,0.8886,0.8956,1.147913252741762
0,274.082,273.156,0.9525,0.9553,1.0623259216959922
0,274.349,273.216,0.8475,0.8515,0.6106988115207539
0,274.041,273.045,0.912,0.9154,0.6872633366134205
0,274.384,272.975,0.8756,0.8827,1.1983190997945272
0,274.798,273.855,0.9518,0.9549,1.1530028603039777
0,271.46,270.513,0.9627,0.9663,0.3163204560170904
0,271.46,270.44,0.9609,0.9649,0.14553318411486085
0,271.46,270.265,0.951,0.9569,0.2993921981512545
0,271.46,270.428,0.9503,0.9544,0.19162838482050443
0,271.46,270.5,0.9607,0.9643,0.290597859615669
0,271.46,270.513,0.9642,0.9678,0.15280692183365369
0,271.46,270.363,0.9556,0.9604,0.26197116242549695
0,271.46,270.411,0.9467,0.9509,0.1318895341426481
0,271.46,270.485,0.9586,0.9621,0.2740274711547776
0,271.46,270.561,0.9659,0.969,0.16641248540531167
0,271.46,270.376,0.9552,0.9599,0.23549423095552507
0,271.46,270.343,0.9368,0.9417,0.1253123645689405
0,271.46,270.476,0.9569,0.9605,0.26529232714535544
0,271.46,270.544,0.9637,0.967,0.1948319762610066
0,271.46,270.455,0.9612,0.9651,0.2378344286784988
0,271.46,270.233,0.9202,0.9261,0.12825373598527529
0,271.46,270.477,0.9559,0.9594,0.2583341915944793
0,271.46,270.561,0.963,0.9661,0.21743969653245498
0,271.46,270.488,0.9627,0.9663,0.25654428372583904
0,271.46,270.231,0.919,0.9249,0.1311125103883589
0,271.46,270.495,0.9558,0.9594,0.26087435566681794
0,271.46,270.56,0.9612,0.9643,0.20916826847088457
0,271.46,270.512,0.9635,0.9671,0.3054307026354566
0,271.46,270.273,0.9233,0.9287,0.130988920783346
0,271.46,270.516,0.9556,0.9591,0.2736029632953149
0,271.46,270.571,0.9612,0.9641,0.197365053305665
0,271.46,270.532,0.9639,0.9673,0.3616789117588575
0,271.46,270.35,0.9311,0.9358,0.1323313771777314
0,271.46,270.506,0.9521,0.9557,0.2760781714448869
0,271.46,270.564,0.9601,0.9631,0.19739350338800718
0,271.46,270.552,0.9645,0.9677,0.4465980737560738
0,271.46,270.426,0.9393,0.9432,0.14734705531450598
0,271.46,270.466,0.9452,0.9488,0.2805623734914574
0,271.46,270.557,0.9588,0.962,0.20705276521544058
0,271.46,270.566,0.965,0.968,0.5529605420811389
0,271.46,270.476,0.9452,0.9487,0.185595896661959
0,271.46,270.417,0.9337,0.9377,0.283339825526556
0,271.46,270.532,0.9559,0.9593,0.2156614644144535
0,271.46,270.57,0.965,0.9679,0.677687742501262
0,271.46,270.478,0.9459,0.9494,0.2106564423121045
0,271.46,270.309,0.9006,0.9055,0.27640320598777357
0,271.541,270.599,0.9539,0.9574,0.22290909739819406
0,271.46,270.556,0.9639,0.967,0.8343627028597942
0,271.46,270.51,0.9512,0.9547,0.2200950375510496
0,271.491,270.338,0.8789,0.8835,0.2774260833210117
0,271.803,270.849,0.9521,0.9556,0.230639820937833
0,271.46,270.531,0.9618,0.9652,0.9869632851177519
0,271.46,270.503,0.9506,0.9541,0.24604171659027294
0,271.843,270.7,0.857,0.8622,0.2867016769233122
0,271.827,270.904,0.9536,0.9567,0.24590242335558016
0,271.468,270.501,0.9584,0.962,1.0497800981986714
0,271.46,270.473,0.9471,0.9507,0.27425874279188106
0,272.015,270.95,0.8374,0.8414,0.29010217556454043
0,271.909,270.984,0.9484,0.9515,0.2636664916153834
0,271.593,270.534,0.9493,0.954,1.0866045999398368
0,271.46,270.487,0.9478,0.9513,0.35380420428994613
0,272.16,271.194,0.8353,0.838,0.3203902963805173
0,271.91,270.895,0.9237,0.9277,0.2865518296258152
0,271.582,270.363,0.9282,0.934,1.1148887234682592
0,271.473,270.543,0.9532,0.9566,0.49296997445610885
0,272.374,271.461,0.8294,0.8315,0.3634032008891926
0,272.072,271.101,0.9196,0.923,0.3197364543447559
0,271.551,270.278,0.9081,0.9142,1.1459626375979568
0,271.868,270.949,0.9554,0.9585,0.5945910683056905
0,272.814,271.799,0.8139,0.8176,0.3867479210535708
0,272.336,271.37,0.9164,0.9194,0.37962183824241713
0,271.935,270.683,0.8985,0.9049,1.164870521533857
0,272.069,271.16,0.9551,0.958,0.6874081363156634
0,273.533,272.348,0.8149,0.8189,0.45601979269169385
0,272.823,271.816,0.9116,0.9155,0.45842040860028643
0,272.167,270.948,0.8822,0.8878,1.1683872678233649
0,272.391,271.496,0.9553,0.958,0.8189069152054984
0,274.281,273.06,0.8232,0.8281,0.5116042685320676
0,273.412,272.33,0.9045,0.9085,0.5233556821136679
0,273.226,272.009,0.8589,0.8642,1.1870920242896406
0,273.284,272.393,0.956,0.9585,1.0287722106937642
0,274.416,273.357,0.8424,0.8454,0.570469936216751
0,273.698,272.494,0.8866,0.8918,0.5807055416477594
0,274.023,272.806,0.848,0.8534,1.2303471113988977
0,274.14,273.231,0.9549,0.9575,1.1372074561649492
0,271.46,270.554,0.9655,0.9687,0.3522004456159851
0,271.46,270.561,0.9677,0.9708,0.14333095399550305
0,271.46,270.23,0.9486,0.9548,0.3622660133684795
0,271.46,270.516,0.9589,0.9625,0.658516771782413
0,271.46,270.546,0.9646,0.9678,0.3156334222185966
0,271.46,270.523,0.9656,0.9691,0.1547181249458276
0,271.46,270.268,0.9492,0.955,0.33252191115212637
0,271.46,270.51,0.9575,0.961,0.5141903198339903
0,271.46,270.545,0.9636,0.9668,0.29879408360653226
0,271.46,270.557,0.9664,0.9695,0.1547335736464542
0,271.46,270.34,0.9532,0.9583,0.27047279142214725
0,271.46,270.487,0.9547,0.9583,0.32804214487108235
0,271.46,270.547,0.9626,0.9659,0.2937337418996293
0,271.46,270.585,0.9671,0.97,0.14725329240872265
0,271.46,270.36,0.9544,0.9592,0.23600791299781276
0,271.46,270.449,0.9503,0.9541,0.21300668423977612
0,271.46,270.536,0.9609,0.9642,0.29332432584011875
0,271.46,270.571,0.965,0.968,0.15798708019558158
0,271.46,270.477,0.9625,0.9661,0.24073297201388852
0,271.46,270.359,0.9399,0.9446,0.1620583481617066
0,271.46,270.512,0.9582,0.9618,0.2853934829936829
0,271.46,270.554,0.9618,0.965,0.18879653092544346
0,271.46,270.504,0.9634,0.967,0.27051179556729366
0,271.46,270.238,0.922,0.9278,0.15415962637597955
0,271.46,270.498,0.956,0.9596,0.28388409905523293
0,271.46,270.558,0.9606,0.9637,0.22434954852064673
0,271.46,270.526,0.964,0.9675,0.32074622832465727
0,271.46,270.23,0.9195,0.9255,0.15771695737076372
0,271.46,270.508,0.9552,0.9587,0.30586153273543976
0,271.46,270.569,0.9605,0.9635,0.2403843310406714
0,271.46,270.541,0.9643,0.9676,0.37172566574722254
0,271.46,270.25,0.9219,0.9276,0.1641016555092718
0,271.46,270.529,0.9549,0.9584,0.3187889850254674
0,271.46,270.557,0.959,0.9621,0.22354223919483202
0,271.46,270.55,0.9644,0.9676,0.45172852095261895
0,271.46,270.293,0.9266,0.9318,0.17117338744627375
0,271.46,270.51,0.9506,0.9542,0.3145189233836223
0,271.46,270.557,0.9582,0.9613,0.20196820524847933
0,271.46,270.556,0.9643,0.9674,0.5541625325671866
0,271.46,270.386,0.9368,0.9412,0.19343114111342813
0,271.46,270.464,0.9424,0.9459,0.30318987625743754
0,271.518,270.597,0.9559,0.9592,0.1985381348370749
0,271.46,270.543,0.9631,0.9664,0.6748880096669098
0,271.46,270.471,0.9464,0.9499,0.20826755313996115
0,271.502,270.369,0.912,0.9167,0.2973430784212754
0,271.904,270.967,0.9545,0.9578,0.2046179378279025
0,271.46,270.516,0.9608,0.9644,0.8172697608255624
0,271.46,270.52,0.9523,0.9558,0.2191415519061045
0,271.792,270.576,0.8865,0.8926,0.29440884501843134
0,271.684,270.764,0.9537,0.9569,0.2082927401304217
0,271.46,270.461,0.9555,0.9592,0.9446323158265054
0,271.46,270.539,0.9545,0.9578,0.24536855093227553
0,272.141,270.905,0.8633,0.8691,0.2980240958941127
0,271.863,270.965,0.9545,0.9574,0.22124058674470898
0,271.598,270.479,0.9428,0.9477,1.0132513141592696
0,271.466,270.545,0.9545,0.9578,0.29553996522767717
0,272.341,271.166,0.8358,0.8404,0.3190391723983216
0,272.218,271.297,0.9483,0.9511,0.23119235416783512
0,272.116,270.831,0.9205,0.9272,1.0436898431166608
0,271.51,270.6,0.955,0.9582,0.42231873269669046
0,272.488,271.417,0.8331,0.8363,0.3565417854211173
0,272.365,271.36,0.9257,0.9292,0.2412722489331219
0,272.216,270.952,0.9096,0.9159,1.0743116660633345
0,272.049,271.159,0.9587,0.9614,0.5640582155985989
0,272.512,271.545,0.8324,0.8357,0.37899746600521084
0,272.47,271.466,0.9197,0.9231,0.2598230282512377
0,272.157,270.912,0.8944,0.9005,1.1109154502302008
0,271.878,271.019,0.9614,0.9639,0.6603395654989217
0,272.563,271.606,0.8184,0.822,0.38382133552232417
0,272.499,271.485,0.9157,0.9193,0.2865051776090714
0,272.194,271.065,0.8806,0.8853,1.1454436530313614
0,272.139,271.282,0.9615,0.9639,0.689363238210806
0,273.013,271.957,0.8091,0.8128,0.4441299016483713
0,272.79,271.708,0.9082,0.9129,0.32917137860533413
0,272.725,271.647,0.8648,0.8694,1.1745820438172057
0,272.773,271.904,0.96,0.9626,0.7999057782219209
0,273.808,272.611,0.8078,0.8133,0.5036211652297166
0,273.561,272.322,0.8905,0.8958,0.39180999627803587
0,273.52,272.355,0.8562,0.8604,1.2015809170307903
0,273.508,272.628,0.9588,0.9614,0.9724174922119175
0,274.129,272.964,0.8169,0.8214,0.5599999999999999
0,273.787,272.448,0.8666,0.8725,0.45479888646989536
0,273.859,272.699,0.8507,0.8558,1.2272831191079525
0,273.776,272.9,0.958,0.9605,1.1105801165535634
0,271.46,270.57,0.966,0.969,0.3589598894627625
0,271.46,270.562,0.9671,0.9701,0.15266895423003785
0,271.46,270.253,0.9474,0.9534,0.3519379196769539
0,271.46,270.533,0.9594,0.9628,0.7258550065516767
0,271.46,270.576,0.9655,0.9684,0.33902316285377776
0,271.46,270.575,0.9671,0.97,0.1493474326095048
0,271.46,270.273,0.9491,0.9548,0.27778288202393275
0,271.46,270.526,0.9582,0.9616,0.6669154094415525
0,271.46,270.58,0.9649,0.9677,0.33163022030968786
0,271.46,270.592,0.9672,0.9699,0.1451342201465332
0,271.46,270.452,0.9614,0.9653,0.23946826898074267
0,271.46,270.51,0.9564,0.9599,0.5832830783193037
0,271.46,270.574,0.9635,0.9664,0.3101384264759118
0,271.46,270.567,0.9643,0.9673,0.15357298363865338
0,271.46,270.494,0.9631,0.9667,0.24343297660261154
0,271.46,270.48,0.9533,0.9568,0.4659561114141934
0,271.46,270.561,0.9615,0.9646,0.2859099692555562
0,271.46,270.547,0.9607,0.9639,0.17485191171297026
0,271.46,270.518,0.9638,0.9674,0.2771384723631414
0,271.46,270.415,0.9463,0.9504,0.32090810827346755
0,271.46,270.531,0.9583,0.9617,0.2851398795715152
0,271.46,270.559,0.9602,0.9633,0.19502572234147236
0,271.46,270.533,0.9641,0.9675,0.3255972732788466
0,271.46,270.315,0.9326,0.9377,0.23271157836774026
0,271.46,270.513,0.9558,0.9594,0.3224283521895857
0,271.46,270.565,0.9597,0.9628,0.21882523593683872
0,271.46,270.549,0.9644,0.9676,0.37091728571938426
0,271.46,270.253,0.9231,0.9288,0.1844915440033039
0,271.46,270.525,0.9552,0.9587,0.3596502883247592
0,271.46,270.553,0.9581,0.9612,0.2542012817832797
0,271.46,270.549,0.9639,0.9671,0.4403625091137136
0,271.46,270.261,0.9231,0.9287,0.1734091152432278
0,271.46,270.542,0.9546,0.9579,0.3515091290093967
0,271.46,270.557,0.9575,0.9607,0.26311615077523925
0,271.46,270.535,0.9625,0.9659,0.5386705449873299
0,271.46,270.302,0.9271,0.9323,0.1852028470476667
0,271.46,270.502,0.9482,0.9517,0.34046840664243144
0,271.579,270.665,0.9561,0.9593,0.24772287172479895
0,271.46,270.498,0.9593,0.9629,0.651549305828188
0,271.46,270.345,0.9317,0.9364,0.19999510536217774
0,271.463,270.424,0.9335,0.9375,0.3407230807666227
0,271.823,270.901,0.9551,0.9583,0.21449261470532752
0,271.46,270.431,0.9524,0.9565,0.7725717752749413
0,271.46,270.401,0.9386,0.9428,0.22038050710487272
0,271.705,270.458,0.8923,0.8979,0.34368255214573784
0,271.9,270.997,0.9551,0.958,0.1949191619972162
0,271.462,270.287,0.9342,0.9397,0.8857271341385694
0,271.465,270.467,0.9466,0.9502,0.2653702844498376
0,272.107,270.824,0.8712,0.8776,0.3526171526464186
0,272.079,271.189,0.9551,0.9577,0.1957553292918581
0,271.788,270.546,0.9195,0.926,0.959866876048396
0,271.694,270.737,0.9517,0.9553,0.36005858269643554
0,272.628,271.395,0.8546,0.8594,0.36837814136325864
0,272.361,271.446,0.9479,0.9506,0.20735205192394957
0,272.139,270.901,0.9091,0.9152,0.9966029174080852
0,272.116,271.191,0.9559,0.9589,0.5127406912656207
0,272.928,271.732,0.8342,0.8396,0.3858716279259483
0,272.612,271.609,0.9279,0.9319,0.22302442730188193
0,272.518,271.282,0.8958,0.9014,1.0258585755584222
0,272.647,271.749,0.9593,0.9622,0.6282593444244468
0,272.799,271.686,0.8256,0.8304,0.39973849377718185
0,272.96,271.922,0.9197,0.9237,0.24397169267792776
0,272.777,271.658,0.8881,0.893,1.0578290241825699
0,272.775,271.905,0.9615,0.964,0.6612307974690643
0,273.312,272.16,0.8246,0.8288,0.40600016315459414
0,273.432,272.312,0.9122,0.9166,0.26522573967664803
0,273.183,272.088,0.8774,0.8815,1.0895032452468478
0,272.868,272.015,0.9625,0.9649,0.6993080205778732
0,273.681,272.513,0.8097,0.8143,0.4344527947872108
0,273.452,272.24,0.8987,0.904,0.2881354489045699
0,273.242,272.111,0.8647,0.8691,1.1196919437320594
0,273.105,272.261,0.9631,0.9652,0.7705851131630068
0,273.512,272.416,0.8064,0.8095,0.4646131961475121
0,273.499,272.191,0.8757,0.8817,0.31085345148445187
0,273.161,272.05,0.8539,0.8581,1.136412740334365
0,273.306,272.465,0.9624,0.9644,0.9303694431839619
0,274.091,272.9,0.8029,0.8077,0.5021667949809567
0,273.974,272.628,0.862,0.8689,0.33934789148180067
0,273.423,272.336,0.8528,0.8563,1.1453845604768194
0,273.502,272.66,0.9613,0.9635,1.0678412097913152
0,271.46,270.578,0.9671,0.97,0.35941774204238963
0,271.46,270.578,0.9676,0.9705,0.14507104872713922
0,271.46,270.246,0.9497,0.9558,0.410743933963178
0,271.46,270.545,0.9621,0.9654,0.6977210362356159
0,271.46,270.583,0.9668,0.9697,0.3646052933468616
0,271.46,270.576,0.9672,0.9701,0.14695242514008353
0,271.46,270.25,0.948,0.954,0.36505147017585016
0,271.46,270.544,0.9612,0.9644,0.7466612961612784
0,271.46,270.592,0.9666,0.9694,0.35143693310151786
0,271.46,270.585,0.9671,0.9699,0.1379143234437856
0,271.46,270.35,0.954,0.9589,0.2899200032630919
0,271.46,270.542,0.9601,0.9634,0.7925622919141602
0,271.46,270.598,0.9662,0.9689,0.3421511423370876
0,271.46,270.591,0.9665,0.9693,0.14511433568038015
0,271.46,270.448,0.9606,0.9645,0.24508945460478349
0,271.46,270.538,0.9589,0.9623,0.857086109935605
0,271.46,270.603,0.9656,0.9682,0.33876695915526717
0,271.46,270.537,0.9615,0.9649,0.15631413377656994
0,271.46,270.501,0.9631,0.9667,0.24724039299862852
0,271.46,270.525,0.9574,0.9609,0.8266324891782615
0,271.46,270.594,0.9641,0.9669,0.30367342568563166
0,271.46,270.545,0.9597,0.9629,0.16567446579616893
0,271.46,270.519,0.9636,0.9671,0.2763354458454212
0,271.46,270.505,0.9552,0.9587,0.7316469946413916
0,271.46,270.578,0.9618,0.9647,0.2865090525306807
0,271.46,270.555,0.9593,0.9625,0.17308015479292116
0,271.46,270.54,0.9641,0.9674,0.3228657084733319
0,271.46,270.476,0.9519,0.9554,0.5740582665844096
0,271.46,270.546,0.9584,0.9616,0.3184962754865321
0,271.46,270.557,0.9583,0.9615,0.1911699204111496
0,271.46,270.545,0.9637,0.967,0.3629517725217073
0,271.46,270.431,0.9466,0.9505,0.40778543131446526
0,271.46,270.528,0.9557,0.9592,0.36643313465862454
0,271.46,270.552,0.9571,0.9603,0.21489468880810475
0,271.46,270.53,0.9622,0.9656,0.4127970305863878
0,271.46,270.388,0.94,0.9444,0.2762220024167274
0,271.46,270.546,0.9555,0.9588,0.37384371829319907
0,271.46,270.557,0.9569,0.9601,0.25219116619844695
0,271.46,270.491,0.9588,0.9623,0.5049411368816059
0,271.46,270.361,0.9353,0.9399,0.22445814829732885
0,271.46,270.531,0.9523,0.9557,0.3653173611783841
0,271.584,270.675,0.9561,0.9593,0.27882487903616426
0,271.46,270.419,0.9512,0.9553,0.6210610657054142
0,271.46,270.376,0.936,0.9405,0.2300455813147201
0,271.477,270.465,0.9407,0.9444,0.3975531399611488
0,271.969,271.053,0.9554,0.9584,0.29012267186042123
0,271.46,270.284,0.9327,0.9381,0.7155683643242086
0,271.46,270.392,0.9372,0.9415,0.2719565294978408
0,271.951,270.706,0.9055,0.9119,0.43392259334227284
0,272.003,271.118,0.9561,0.9588,0.29022821248846453
0,271.612,270.404,0.9187,0.9242,0.8109436963693006
0,271.461,270.42,0.9402,0.9442,0.35809945292225165
0,272.249,270.925,0.8805,0.8872,0.4668317417262776
0,272.138,271.263,0.9554,0.9578,0.28577842586408203
0,272.023,270.84,0.9103,0.9159,0.8844040523522303
0,271.638,270.615,0.9433,0.9477,0.4832269429417793
0,272.693,271.391,0.8613,0.8669,0.4585850417828719
0,272.55,271.642,0.9477,0.9507,0.2826772139313629
0,272.361,271.222,0.906,0.9108,0.9344157790886799
0,272.222,271.202,0.9465,0.9504,0.5999888850932786
0,273.038,271.787,0.8408,0.8467,0.45202954117869
0,272.757,271.779,0.9321,0.9357,0.2780910402634947
0,272.639,271.571,0.8987,0.9033,0.9564770334415931
0,272.275,271.274,0.9479,0.9516,0.6359096633406923
0,272.928,271.748,0.8276,0.8329,0.44627451780169575
0,272.875,271.83,0.9191,0.9233,0.2694849923266355
0,272.614,271.617,0.8903,0.8942,0.9655000433379388
0,272.401,271.415,0.9487,0.9521,0.6593226025197187
0,273.074,271.925,0.825,0.8296,0.44329755828952805
0,272.981,271.858,0.9092,0.9141,0.26787256606486415
0,272.692,271.642,0.8776,0.882,0.9653629934789147
0,272.557,271.587,0.9491,0.9528,0.6820645684306059
0,273.415,272.256,0.8167,0.8206,0.4462519310875783
0,273.521,272.248,0.8891,0.8948,0.27624504800314076
0,273.033,271.923,0.8664,0.8708,0.9553723238822638
0,272.973,272.008,0.9493,0.9527,0.736354514538604
0,273.432,272.299,0.8006,0.8042,0.44460126546782036
0,273.651,272.327,0.8666,0.8725,0.2930639922909454
0,273.183,272.069,0.8541,0.8583,0.9345956060428385
0,273.34,272.386,0.9501,0.9532,0.9064405276011687
0,273.44,272.348,0.8007,0.8037,0.4401310845191784
0,273.748,272.497,0.8597,0.8653,0.31240418491533806
0,273.32,272.246,0.8536,0.8572,0.9138622261424645
0,273.353,272.415,0.9502,0.9531,1.0210630031662187
0,271.46,270.58,0.9675,0.9704,0.3502798101288412
0,271.46,270.565,0.9664,0.9694,0.13934029459601396
0,271.46,270.298,0.9533,0.9588,0.40837564305853685
0,271.46,270.553,0.9637,0.9669,0.6925662688073909
0,271.46,270.605,0.9671,0.9697,0.3725488826459596
0,271.46,270.541,0.9627,0.966,0.1411850631969123
0,271.46,270.487,0.9632,0.9668,0.2570653587106709
0,271.46,270.55,0.9607,0.9639,0.8076466989236897
0,271.46,270.615,0.9644,0.9669,0.2979183003370162
0,271.46,270.542,0.9579,0.9612,0.15818210092131363
0,271.46,270.551,0.9636,0.9668,0.3171425512279933
0,271.46,270.523,0.9567,0.9602,0.812031733568548
0,271.46,270.587,0.9612,0.964,0.32064140149796316
0,271.46,270.554,0.9572,0.9603,0.18389679452208452
0,271.46,270.544,0.9628,0.9661,0.35210326666088826
0,271.46,270.528,0.9551,0.9586,0.7191200868798214
0,271.46,270.547,0.9572,0.9605,0.3651453860390654
0,271.46,270.551,0.9562,0.9594,0.20250896075622155
0,271.46,270.506,0.9596,0.9631,0.38775662433144864
0,271.46,270.507,0.9529,0.9565,0.6011478435551386
0,271.46,270.532,0.9549,0.9583,0.42568721224883116
0,271.46,270.557,0.9562,0.9594,0.21457475284628286
0,271.46,270.436,0.9525,0.9565,0.4370713750363275
0,271.46,270.492,0.9511,0.9546,0.4580647315851999
0,271.46,270.546,0.9543,0.9576,0.4548880606527203
0,271.597,270.692,0.9559,0.959,0.24427434444993956
0,271.46,270.334,0.9382,0.9431,0.5658893200022435
0,271.46,270.489,0.9502,0.9538,0.38196687961740255
0,271.579,270.598,0.9469,0.9508,0.4802509521600139
0,271.858,270.959,0.9555,0.9584,0.27735393839894357
0,271.494,270.329,0.9225,0.9277,0.6640803434404206
0,271.463,270.494,0.9499,0.9535,0.4170235503459387
0,272.049,270.915,0.9287,0.9339,0.4903652623474887
0,272.075,271.205,0.9565,0.959,0.3015294723478456
0,271.906,270.746,0.9114,0.9169,0.7405220947010448
0,271.665,270.696,0.95,0.9538,0.5359465770676021
0,272.281,270.951,0.8909,0.8977,0.46902576313012084
0,272.196,271.339,0.9553,0.9575,0.3199950033905564
0,272.056,270.96,0.9065,0.9112,0.7826628359327599
0,271.963,270.988,0.95,0.9536,0.59572483977709
0,272.591,271.255,0.8706,0.8769,0.44782331377177736
0,272.493,271.604,0.9484,0.9513,0.33695033472184693
0,272.419,271.386,0.9067,0.9102,0.8031285403272271
0,272.268,271.287,0.95,0.9535,0.616173718854043
0,273.057,271.756,0.8509,0.8574,0.4321350818067331
0,272.892,271.929,0.9359,0.9392,0.3495654989216501
0,272.351,271.386,0.9047,0.9076,0.8047009937134495
0,272.259,271.282,0.95,0.9535,0.6306606741343884
0,273.375,272.095,0.8298,0.8353,0.40946424110170143
0,273.094,272.011,0.918,0.9224,0.3505329546787129
0,272.766,271.758,0.8953,0.8992,0.790897860125527
0,272.69,271.7,0.9498,0.9536,0.6446332845569078
0,273.663,272.412,0.8213,0.8258,0.3910105387670611
0,273.552,272.329,0.9023,0.9075,0.34553354101553535
0,273.069,271.976,0.8785,0.8829,0.7665574890507971
0,273.043,272.045,0.9493,0.953,0.6663011833806652
0,273.551,272.359,0.8147,0.8187,0.36893725176283443
0,273.743,272.412,0.8767,0.8826,0.3305481484502863
0,273.242,272.114,0.8674,0.8717,0.7439509924388044
0,273.254,272.248,0.9476,0.9513,0.769464598002376
0,273.554,272.414,0.8048,0.8082,0.3836012807635636
0,273.768,272.477,0.8618,0.8676,0.31062544293923006
0,273.35,272.21,0.8556,0.8598,0.7244932775208659
0,273.479,272.466,0.9455,0.949,0.9075176028511265
0,274.031,272.861,0.7973,0.802,0.4163390148521667
0,274.074,272.824,0.8539,0.8596,0.3042286101777875
0,273.552,272.415,0.8464,0.8502,0.7070825919146702
0,273.988,272.954,0.9429,0.9469,0.9633560390143424
0,271.46,270.606,0.9633,0.9659,0.33261516419980325
0,271.46,270.55,0.9559,0.9591,0.20621838242417137
0,271.46,270.531,0.9612,0.9646,0.34129937338438715
0,271.46,270.577,0.9587,0.9616,0.7453341355100875
0,271.46,270.572,0.9597,0.9627,0.346965120606935
0,271.46,270.55,0.9552,0.9584,0.19411669632341322
0,271.46,270.474,0.9558,0.9594,0.37184522747319426
0,271.46,270.555,0.9568,0.9599,0.726180092080374
0,271.46,270.531,0.9553,0.9587,0.38210454130615457
0,271.46,270.56,0.9557,0.9588,0.20296528376152917
0,271.46,270.397,0.946,0.9503,0.3931585709696992
0,271.46,270.543,0.9557,0.959,0.6934569399336166
0,271.46,270.537,0.9542,0.9576,0.40958334395537727
0,271.841,270.936,0.9556,0.9586,0.2100523114417258
0,271.46,270.315,0.9269,0.9319,0.43821473184012893
0,271.46,270.539,0.9552,0.9585,0.6305000178450338
0,271.561,270.624,0.952,0.9554,0.4104246098310841
0,272.15,271.257,0.9559,0.9585,0.23094537890105182
0,271.52,270.396,0.9166,0.9213,0.5526036923924071
0,271.463,270.544,0.9549,0.9582,0.6033894347203173
0,272.081,270.989,0.9365,0.9413,0.40641992933366655
0,272.35,271.485,0.9565,0.9588,0.25583792630510926
0,271.968,270.835,0.9051,0.9102,0.6409798962948613
0,271.929,271.001,0.9548,0.958,0.6130422213497984
0,272.412,271.139,0.9088,0.915,0.4152290027685296
0,272.369,271.523,0.9555,0.958,0.2875772052637751
0,272.248,271.186,0.9039,0.9079,0.6609851988191686
0,272.141,271.211,0.9548,0.9578,0.6040750409161131
0,272.798,271.413,0.8804,0.887,0.43936486975674666
0,272.805,271.917,0.95,0.9527,0.32077763558401695
0,272.363,271.411,0.9125,0.9152,0.6408751204539778
0,272.333,271.402,0.9548,0.9577,0.6110448012318173
0,273.0,271.659,0.8641,0.8711,0.4752448593556414
0,273.038,272.043,0.9354,0.939,0.34191762732431563
0,272.375,271.475,0.9188,0.9212,0.6076653087445762
0,272.448,271.518,0.9548,0.9581,0.6252498049792743
0,273.0,271.749,0.843,0.849,0.5284281584435052
0,273.187,272.06,0.9166,0.9213,0.3515182554695028
0,272.689,271.735,0.9052,0.9085,0.5674410731493424
0,272.565,271.632,0.9546,0.9579,0.6589335807844676
0,273.058,271.878,0.8269,0.8319,0.5812086696272428
0,273.267,272.014,0.8907,0.8966,0.3605934748359531
0,272.797,271.761,0.8866,0.8906,0.5254672594616918
0,272.533,271.596,0.9538,0.9572,0.7496273447099673
0,273.39,272.235,0.8186,0.8226,0.6192362835422902
0,273.517,272.219,0.8666,0.8724,0.36180183854833203
0,273.193,272.062,0.8715,0.876,0.5011381052653047
0,272.778,271.823,0.9519,0.9553,0.8529019083988926
0,273.759,272.594,0.8106,0.8159,0.61623398408223
0,273.767,272.526,0.8583,0.864,0.3505039947382644
0,273.53,272.353,0.8609,0.8653,0.4783948647091515
0,273.15,272.181,0.9503,0.9537,0.9142923934269096
0,274.039,272.902,0.8043,0.8086,0.6123985764761668
0,274.039,272.814,0.8438,0.8493,0.32349426154701144
0,274.107,272.876,0.8493,0.8547,0.4569500288069831
0,273.758,272.767,0.9487,0.9524,0.849545767412929
0,273.758,272.767,0.9487,0.9524,
